Temperature,Humidity,Air_Index,Lux,Best_Plant
24.36,86.8,3.79,2763.11,Philodendron
18.9,28.78,4.4,29161.74,Snake Plant
15.51,88.04,4.25,99.09,Monstera Deliciosa
19.59,44.78,2.86,152.7,Monstera Deliciosa
30.3,34.07,1.81,233.47,Monstera Deliciosa
34.63,37.98,2.81,1174.48,Philodendron
30.19,36.08,0.79,49484.51,Aloe Vera
35.21,44.8,0.94,23803.61,Snake Plant
18.05,57.19,0.65,38882.44,Aloe Vera
31.56,45.26,2.84,3181.2,Philodendron
39.24,75.38,4.73,43968.9,Aloe Vera
38.05,30.75,1.38,2.93,Money Plant
24.72,42.64,4.23,147.66,Monstera Deliciosa
28.57,34.16,4.11,8.88,Money Plant
34.31,37.92,0.52,45603.15,Aloe Vera
33.23,75.13,0.83,66.78,Monstera Deliciosa
36.58,65.51,1.99,2.8,Money Plant
23.13,72.42,3.37,42083.75,Aloe Vera
17.99,71.36,3.92,11679.25,Philodendron
27.34,58.98,2.42,0.97,Money Plant
15.79,66.37,1.91,13659.81,Philodendron
21.23,51.67,3.9,47.72,Monstera Deliciosa
22.24,35.48,4.68,44501.42,Aloe Vera
36.79,77.24,1.34,43090.59,Aloe Vera
35.19,83.25,1.93,2.05,Money Plant
25.68,78.17,4.37,4.6,Money Plant
25.44,39.44,1.04,472.03,Monstera Deliciosa
23.08,58.72,3.66,486.17,Monstera Deliciosa
39.06,41.37,2.74,149.57,Monstera Deliciosa
15.92,64.62,2.76,2.51,Money Plant
37.71,40.57,1.15,492.97,Monstera Deliciosa
21.05,68.69,3.93,366.83,Monstera Deliciosa
24.19,66.1,3.35,1810.11,Philodendron
35.88,45.85,1.34,5.32,Money Plant
31.94,26.08,2.8,326.13,Monstera Deliciosa
19.36,69.91,2.24,37063.68,Aloe Vera
23.53,32.38,4.66,38869.87,Aloe Vera
31.5,78.12,3.0,4007.62,Philodendron
17.33,83.32,4.55,21781.26,Snake Plant
23.73,72.19,4.54,46698.35,Aloe Vera
31.05,30.47,1.23,44096.83,Aloe Vera
15.23,31.6,3.49,1.45,Money Plant
28.72,69.97,3.43,358.97,Monstera Deliciosa
20.93,46.15,3.86,31984.62,Snake Plant
31.44,61.94,0.92,139.95,Monstera Deliciosa
21.1,88.25,2.27,44467.45,Aloe Vera
34.87,57.67,3.1,105.67,Monstera Deliciosa
33.06,43.25,0.61,18543.04,Snake Plant
38.51,87.01,4.62,17.57,Monstera Deliciosa
38.21,52.83,4.85,47795.29,Aloe Vera
22.36,50.03,4.33,93.05,Monstera Deliciosa
28.92,85.85,3.63,1909.96,Philodendron
30.38,89.35,1.13,13222.03,Philodendron
33.52,70.31,3.66,153.86,Monstera Deliciosa
35.23,77.66,4.4,42670.62,Aloe Vera
27.54,76.89,3.42,46937.09,Aloe Vera
37.25,46.97,2.19,5.2,Money Plant
15.9,55.26,2.94,299.51,Monstera Deliciosa
15.76,27.43,4.2,72.26,Monstera Deliciosa
28.06,75.05,1.47,16707.86,Snake Plant
16.29,59.54,2.93,29522.1,Snake Plant
39.4,58.56,1.95,39063.21,Aloe Vera
25.97,30.1,0.61,47539.87,Aloe Vera
32.4,51.58,1.28,2.25,Money Plant
28.73,71.45,3.47,477.88,Monstera Deliciosa
33.45,61.03,3.25,131.39,Monstera Deliciosa
23.9,74.26,0.56,0.41,Money Plant
16.02,80.6,3.67,57.94,Monstera Deliciosa
27.29,55.78,1.28,205.27,Monstera Deliciosa
30.4,66.28,0.7,316.67,Monstera Deliciosa
27.58,80.67,3.46,0.64,Money Plant
31.06,26.72,3.14,43632.54,Aloe Vera
24.7,66.81,2.56,14151.3,Philodendron
24.65,87.48,4.57,0.62,Money Plant
17.52,26.18,0.92,16424.7,Snake Plant
22.97,79.92,0.6,39228.54,Aloe Vera
17.95,70.29,3.33,46026.33,Aloe Vera
35.09,43.33,1.3,47102.71,Aloe Vera
39.76,51.82,2.17,40112.71,Aloe Vera
38.27,80.8,2.43,46318.39,Aloe Vera
17.58,83.67,2.77,39801.42,Aloe Vera
37.39,50.3,0.55,36370.21,Aloe Vera
22.98,86.75,4.78,9662.01,Philodendron
26.21,44.06,1.98,30047.74,Snake Plant
34.79,76.33,0.91,38.2,Monstera Deliciosa
28.74,53.7,4.49,67.36,Monstera Deliciosa
18.57,74.5,3.28,0.76,Money Plant
32.52,29.73,4.2,36221.15,Aloe Vera
17.12,89.13,2.18,408.27,Monstera Deliciosa
38.68,89.09,3.89,50.92,Monstera Deliciosa
34.43,61.3,2.41,36668.85,Aloe Vera
27.32,25.74,2.61,1.07,Money Plant
17.94,67.2,3.86,14451.54,Philodendron
24.37,43.57,4.41,481.98,Monstera Deliciosa
15.3,88.04,0.69,42915.99,Aloe Vera
39.82,29.8,2.99,42846.94,Aloe Vera
30.73,70.22,2.55,26686.7,Snake Plant
37.53,27.95,1.76,48354.07,Aloe Vera
26.39,65.31,1.75,4.17,Money Plant
23.83,62.94,0.85,49793.17,Aloe Vera
32.45,59.85,1.89,45271.28,Aloe Vera
19.07,84.21,4.2,45886.07,Aloe Vera
30.34,52.19,4.7,35679.23,Aloe Vera
15.66,49.47,4.15,37257.1,Aloe Vera
29.85,49.76,4.86,47575.09,Aloe Vera
26.72,51.96,1.73,7.78,Money Plant
35.32,89.98,4.98,11650.55,Philodendron
38.62,80.23,1.61,73.29,Monstera Deliciosa
38.85,64.4,1.53,27362.95,Snake Plant
23.95,32.38,3.52,11698.84,Philodendron
28.0,80.39,2.98,13211.6,Philodendron
25.09,33.71,0.63,44305.02,Aloe Vera
32.6,38.84,1.11,3.16,Money Plant
29.75,50.5,2.47,40224.48,Aloe Vera
27.85,75.94,2.28,32247.41,Snake Plant
38.74,34.56,4.67,136.54,Monstera Deliciosa
26.48,88.7,2.72,320.37,Monstera Deliciosa
21.0,29.93,1.08,1.37,Money Plant
18.47,66.66,1.32,449.43,Monstera Deliciosa
26.85,68.39,1.28,0.37,Money Plant
19.22,43.11,1.3,1.09,Money Plant
26.52,38.41,2.14,10511.03,Philodendron
15.98,76.96,3.33,7.86,Money Plant
38.02,28.97,1.75,46224.15,Aloe Vera
19.61,38.61,2.17,312.94,Monstera Deliciosa
24.22,55.06,3.86,2.27,Money Plant
32.83,83.19,2.8,2054.89,Philodendron
26.19,59.62,1.59,194.87,Monstera Deliciosa
15.5,45.94,1.45,68.68,Monstera Deliciosa
37.26,63.58,3.56,42477.13,Aloe Vera
17.17,59.91,3.14,41475.46,Aloe Vera
18.19,43.45,2.13,26416.0,Snake Plant
23.9,89.12,3.23,59.87,Monstera Deliciosa
18.82,40.99,1.22,2.57,Money Plant
19.33,83.29,0.86,6451.34,Philodendron
39.56,32.28,2.29,47982.74,Aloe Vera
35.43,41.76,1.27,33587.59,Snake Plant
28.92,62.15,1.76,37806.47,Aloe Vera
23.09,52.65,2.78,66.27,Monstera Deliciosa
30.27,43.76,3.12,4.33,Money Plant
28.31,28.37,2.01,0.57,Money Plant
39.75,45.95,4.14,343.94,Monstera Deliciosa
34.01,63.72,2.62,180.95,Monstera Deliciosa
38.24,78.99,4.84,6.58,Money Plant
38.46,36.78,0.8,43617.52,Aloe Vera
36.05,34.09,4.08,90.19,Monstera Deliciosa
19.11,77.95,3.49,5703.68,Philodendron
36.93,50.51,4.17,194.7,Monstera Deliciosa
26.57,44.59,3.86,3867.85,Philodendron
37.49,49.95,2.95,44363.95,Aloe Vera
17.92,86.09,3.32,78.24,Monstera Deliciosa
34.85,65.3,2.9,46829.17,Aloe Vera
18.79,45.26,1.62,35503.95,Aloe Vera
29.25,74.56,4.45,412.42,Monstera Deliciosa
17.77,80.02,1.07,400.67,Monstera Deliciosa
18.75,39.9,3.75,44617.57,Aloe Vera
32.35,60.28,1.63,98.98,Monstera Deliciosa
37.71,62.92,2.3,474.17,Monstera Deliciosa
18.83,63.1,2.78,15363.19,Snake Plant
36.8,85.59,3.04,33450.07,Snake Plant
32.68,34.92,3.09,23483.19,Snake Plant
33.41,85.73,4.67,65.49,Monstera Deliciosa
39.62,79.53,1.06,48048.58,Aloe Vera
27.97,63.43,2.3,3.02,Money Plant
35.07,25.3,2.0,273.32,Monstera Deliciosa
38.0,47.51,2.06,41783.82,Aloe Vera
20.62,54.41,1.13,4.49,Money Plant
25.47,84.46,2.13,9668.2,Philodendron
15.33,68.13,1.3,37230.79,Aloe Vera
25.37,30.55,4.99,9133.49,Philodendron
16.68,73.75,1.44,38077.89,Aloe Vera
19.77,27.38,2.62,1453.71,Philodendron
34.39,54.46,2.86,206.37,Monstera Deliciosa
28.99,35.09,1.32,49191.79,Aloe Vera
24.33,42.6,3.4,22.44,Monstera Deliciosa
18.9,71.54,3.47,2.0,Money Plant
20.78,68.67,0.59,7.2,Money Plant
19.46,67.43,1.57,2.19,Money Plant
33.06,80.62,4.24,337.36,Monstera Deliciosa
20.12,44.05,4.53,0.77,Money Plant
20.2,26.72,1.32,6611.23,Philodendron
37.32,78.13,2.04,196.05,Monstera Deliciosa
29.76,42.42,3.31,280.5,Monstera Deliciosa
25.9,44.14,4.77,37102.56,Aloe Vera
36.71,56.68,4.53,41378.78,Aloe Vera
15.56,42.46,2.94,20158.5,Snake Plant
18.48,79.27,4.93,2990.18,Philodendron
21.81,26.2,4.61,5.19,Money Plant
21.85,61.02,3.43,38097.11,Aloe Vera
15.27,33.9,4.55,43961.6,Aloe Vera
30.01,68.23,1.29,41282.14,Aloe Vera
24.58,58.73,0.71,6.64,Money Plant
17.07,64.2,1.6,151.46,Monstera Deliciosa
23.89,71.74,1.84,7403.25,Philodendron
31.59,85.89,3.8,25.28,Monstera Deliciosa
21.56,63.68,0.73,302.45,Monstera Deliciosa
23.36,75.11,0.98,6.55,Money Plant
27.39,69.75,2.46,411.36,Monstera Deliciosa
34.99,70.16,1.72,5734.76,Philodendron
17.29,84.63,1.12,41690.64,Aloe Vera
19.63,60.22,4.43,47098.61,Aloe Vera
31.47,70.0,4.32,249.82,Monstera Deliciosa
20.53,89.2,4.75,6.35,Money Plant
38.13,36.74,3.06,35510.16,Aloe Vera
32.44,44.33,4.66,49164.05,Aloe Vera
26.86,81.03,4.3,416.17,Monstera Deliciosa
15.93,63.76,1.54,0.69,Money Plant
32.41,47.09,3.76,2.84,Money Plant
28.49,76.4,1.93,32719.67,Snake Plant
30.4,40.14,0.61,35320.02,Aloe Vera
36.87,59.38,4.73,49969.01,Aloe Vera
23.77,74.87,2.31,317.48,Monstera Deliciosa
36.84,88.97,3.96,216.46,Monstera Deliciosa
33.44,40.52,1.0,150.75,Monstera Deliciosa
22.41,40.18,0.69,8.89,Money Plant
25.69,49.98,3.56,475.48,Monstera Deliciosa
34.66,30.81,2.38,49171.04,Aloe Vera
26.69,64.87,1.25,38475.84,Aloe Vera
38.57,67.23,3.23,3845.48,Philodendron
19.41,39.33,1.34,40252.53,Aloe Vera
16.45,87.99,4.48,49923.62,Aloe Vera
19.35,50.76,3.91,18078.76,Snake Plant
35.4,39.59,1.51,9098.04,Philodendron
29.5,30.95,4.45,73.46,Monstera Deliciosa
37.22,87.12,4.38,44828.97,Aloe Vera
28.77,30.65,2.34,137.28,Monstera Deliciosa
33.09,57.23,0.86,344.8,Monstera Deliciosa
16.9,80.33,2.73,300.28,Monstera Deliciosa
35.62,47.61,3.55,4372.64,Philodendron
36.97,76.83,3.46,48009.55,Aloe Vera
32.71,79.41,3.64,27372.61,Snake Plant
33.82,35.31,4.46,35439.68,Aloe Vera
35.65,33.38,2.01,37412.24,Aloe Vera
35.45,79.09,2.78,2.58,Money Plant
30.42,88.78,3.34,320.66,Monstera Deliciosa
28.5,75.69,0.98,43119.46,Aloe Vera
39.07,47.22,3.35,36538.54,Aloe Vera
38.43,69.71,0.81,357.0,Monstera Deliciosa
16.68,62.84,2.06,15915.79,Snake Plant
36.79,88.28,4.86,36952.16,Aloe Vera
33.96,26.6,0.6,249.44,Monstera Deliciosa
34.26,69.41,2.51,498.59,Monstera Deliciosa
25.65,54.34,1.24,45405.54,Aloe Vera
20.52,30.35,3.56,20465.92,Snake Plant
38.77,34.82,2.45,41296.49,Aloe Vera
30.96,50.84,1.73,41140.6,Aloe Vera
37.35,39.95,1.46,5.87,Money Plant
24.21,81.18,2.63,37783.7,Aloe Vera
36.72,75.48,3.97,46415.6,Aloe Vera
30.66,33.53,0.65,44250.14,Aloe Vera
34.91,56.3,1.03,6.17,Money Plant
25.76,38.03,2.71,5.24,Money Plant
21.72,76.84,1.9,15.69,Monstera Deliciosa
16.81,50.51,2.66,20833.96,Snake Plant
32.37,80.91,4.01,4.32,Money Plant
17.62,40.73,4.94,4.49,Money Plant
30.45,70.66,3.02,2.94,Money Plant
27.94,30.71,2.08,0.71,Money Plant
24.92,33.63,3.05,31011.93,Snake Plant
20.0,35.89,0.97,29129.81,Snake Plant
15.79,85.85,0.73,10781.67,Philodendron
36.77,71.42,4.11,409.26,Monstera Deliciosa
17.0,83.16,2.96,41785.32,Aloe Vera
31.09,59.22,3.79,0.54,Money Plant
21.18,35.37,4.42,488.17,Monstera Deliciosa
23.42,36.84,4.05,24964.42,Snake Plant
28.88,71.75,1.53,49621.92,Aloe Vera
31.26,37.97,3.56,0.28,Money Plant
21.44,55.07,4.41,46140.86,Aloe Vera
25.64,47.49,2.17,35602.6,Aloe Vera
36.68,62.61,2.47,42300.55,Aloe Vera
36.84,83.55,2.4,300.25,Monstera Deliciosa
37.81,38.69,3.3,29662.53,Snake Plant
18.29,71.53,4.59,2.14,Money Plant
39.28,36.76,4.34,131.14,Monstera Deliciosa
36.77,53.94,2.82,300.55,Monstera Deliciosa
19.09,50.42,4.86,331.8,Monstera Deliciosa
23.13,75.28,1.09,41807.39,Aloe Vera
20.9,29.78,1.26,5387.21,Philodendron
35.72,53.01,1.62,29135.84,Snake Plant
19.18,35.9,0.67,44957.4,Aloe Vera
26.87,79.87,4.13,13090.07,Philodendron
20.15,32.27,1.71,4.78,Money Plant
38.42,27.56,1.05,467.6,Monstera Deliciosa
22.9,57.97,0.69,8.88,Money Plant
39.13,25.32,4.78,32358.5,Snake Plant
26.37,58.51,2.7,17793.89,Snake Plant
15.75,45.02,3.67,339.98,Monstera Deliciosa
39.25,31.1,3.53,435.39,Monstera Deliciosa
19.43,70.02,4.27,45249.04,Aloe Vera
27.43,65.16,4.41,941.58,Philodendron
38.27,69.82,3.54,332.85,Monstera Deliciosa
24.85,67.33,0.98,34988.28,Snake Plant
16.21,88.52,2.33,46736.0,Aloe Vera
29.18,73.0,4.45,170.25,Monstera Deliciosa
31.69,77.51,3.93,41534.31,Aloe Vera
35.45,32.81,2.95,2.92,Money Plant
24.16,50.75,3.63,229.86,Monstera Deliciosa
20.94,49.26,1.52,5.43,Money Plant
31.71,65.27,2.59,433.03,Monstera Deliciosa
27.98,56.15,0.62,196.3,Monstera Deliciosa
24.97,62.71,2.9,30297.9,Snake Plant
35.32,71.68,4.8,1.76,Money Plant
15.19,67.09,4.54,464.25,Monstera Deliciosa
16.51,85.74,2.08,4.37,Money Plant
21.42,43.52,1.88,43087.88,Aloe Vera
22.78,64.67,3.72,212.64,Monstera Deliciosa
18.05,36.77,3.57,4.73,Money Plant
32.73,31.95,3.05,481.83,Monstera Deliciosa
27.09,77.39,2.98,5.7,Money Plant
38.79,64.1,4.19,38421.97,Aloe Vera
20.3,64.71,2.35,48500.45,Aloe Vera
23.84,40.4,4.01,413.08,Monstera Deliciosa
25.59,68.39,0.93,24035.9,Snake Plant
29.67,35.92,3.82,38251.88,Aloe Vera
17.39,26.54,3.39,25934.4,Snake Plant
20.8,50.41,3.18,494.01,Monstera Deliciosa
18.41,70.18,2.32,361.62,Monstera Deliciosa
32.31,89.43,1.08,6.52,Money Plant
29.46,42.82,0.86,8.05,Money Plant
19.8,46.02,1.52,44.02,Monstera Deliciosa
27.98,29.39,4.1,274.61,Monstera Deliciosa
37.0,67.31,2.9,173.17,Monstera Deliciosa
31.74,89.62,3.48,11094.7,Philodendron
26.63,28.91,3.03,37630.37,Aloe Vera
32.25,38.06,2.91,4.05,Money Plant
33.9,47.59,3.49,48907.74,Aloe Vera
20.87,50.96,1.19,48905.09,Aloe Vera
28.5,79.73,2.84,16783.4,Snake Plant
33.88,33.3,4.22,45631.46,Aloe Vera
15.9,44.7,1.68,52.94,Monstera Deliciosa
38.42,61.0,1.87,229.13,Monstera Deliciosa
30.01,58.52,4.64,496.16,Monstera Deliciosa
36.29,38.55,4.69,7.36,Money Plant
24.52,82.07,4.41,46850.67,Aloe Vera
22.62,30.26,2.31,6.25,Money Plant
23.65,88.41,3.38,36988.74,Aloe Vera
36.55,84.98,2.69,30296.43,Snake Plant
19.37,57.67,2.29,3.31,Money Plant
16.7,26.68,1.11,43243.39,Aloe Vera
39.15,53.11,1.9,6873.48,Philodendron
17.64,66.65,1.47,28004.37,Snake Plant
18.8,28.99,4.01,38.5,Monstera Deliciosa
39.87,28.76,3.63,38588.46,Aloe Vera
18.56,32.89,1.86,6.23,Money Plant
16.56,58.11,4.99,44228.68,Aloe Vera
22.66,65.55,2.87,74.05,Monstera Deliciosa
37.17,54.24,1.38,212.92,Monstera Deliciosa
35.69,72.68,3.96,3.75,Money Plant
27.03,26.25,1.67,37057.51,Aloe Vera
28.38,38.99,0.55,488.18,Monstera Deliciosa
35.04,87.37,2.7,4.93,Money Plant
26.36,79.88,0.94,83.52,Monstera Deliciosa
23.12,72.93,2.64,203.29,Monstera Deliciosa
26.49,76.03,4.51,46803.76,Aloe Vera
22.89,69.73,2.47,422.03,Monstera Deliciosa
15.96,83.61,2.58,28187.42,Snake Plant
37.38,66.38,3.26,4.67,Money Plant
18.75,72.93,2.8,15834.42,Snake Plant
17.12,71.56,0.82,0.11,Money Plant
38.91,72.94,2.09,181.35,Monstera Deliciosa
34.37,67.99,1.33,0.89,Money Plant
31.51,74.68,1.69,0.74,Money Plant
39.2,44.2,3.96,22639.41,Snake Plant
20.14,32.89,3.27,44658.92,Aloe Vera
28.26,27.73,4.86,39393.04,Aloe Vera
39.5,64.12,3.12,47176.74,Aloe Vera
31.41,33.33,2.02,38370.01,Aloe Vera
24.3,53.08,2.48,33861.57,Snake Plant
21.02,32.9,1.39,44687.52,Aloe Vera
22.15,78.04,4.38,48783.98,Aloe Vera
21.31,74.08,2.57,45927.63,Aloe Vera
34.41,67.65,1.3,14777.73,Philodendron
38.43,27.81,1.24,6.53,Money Plant
35.44,38.88,2.78,45992.29,Aloe Vera
28.56,63.37,2.79,286.86,Monstera Deliciosa
32.22,81.77,3.36,37401.91,Aloe Vera
26.54,25.61,1.61,49877.16,Aloe Vera
17.48,51.1,4.1,281.99,Monstera Deliciosa
33.33,65.04,1.35,394.06,Monstera Deliciosa
28.86,25.34,3.92,6.71,Money Plant
20.06,87.27,2.16,82.96,Monstera Deliciosa
22.64,81.98,4.98,229.82,Monstera Deliciosa
33.05,82.6,3.17,212.18,Monstera Deliciosa
32.39,25.21,3.29,399.16,Monstera Deliciosa
17.32,63.23,2.66,16298.01,Snake Plant
29.5,61.5,3.02,28529.68,Snake Plant
35.12,42.54,4.21,47.76,Monstera Deliciosa
16.46,46.73,4.03,46829.44,Aloe Vera
27.93,53.61,1.16,222.67,Monstera Deliciosa
17.22,39.34,3.19,49975.21,Aloe Vera
38.33,66.77,2.4,30713.25,Snake Plant
17.96,51.64,4.28,290.22,Monstera Deliciosa
29.69,36.99,2.13,22.84,Monstera Deliciosa
15.6,79.06,1.73,4832.22,Philodendron
38.52,41.85,2.43,47629.16,Aloe Vera
19.65,77.17,2.56,75.41,Monstera Deliciosa
17.02,72.32,2.73,367.46,Monstera Deliciosa
34.14,35.33,3.25,6.76,Money Plant
31.42,87.18,0.81,2.54,Money Plant
21.54,41.05,4.58,143.26,Monstera Deliciosa
33.98,54.23,4.0,4.39,Money Plant
15.84,29.07,4.58,4.79,Money Plant
25.28,47.58,4.55,5.97,Money Plant
39.08,61.41,4.72,3.77,Money Plant
21.5,72.5,4.92,330.55,Monstera Deliciosa
19.95,61.75,2.59,44128.3,Aloe Vera
23.74,32.42,1.18,132.97,Monstera Deliciosa
36.27,61.48,2.86,7.74,Money Plant
33.07,29.4,3.69,1685.94,Philodendron
26.46,56.51,1.25,47749.78,Aloe Vera
31.73,55.05,2.35,25909.09,Snake Plant
16.56,58.31,4.13,35.46,Monstera Deliciosa
34.66,38.09,1.66,2.97,Money Plant
33.92,58.76,1.42,48193.85,Aloe Vera
36.76,40.52,2.53,46580.42,Aloe Vera
15.68,29.24,2.59,43080.99,Aloe Vera
27.45,31.86,3.46,40706.92,Aloe Vera
34.39,87.69,1.42,4664.21,Philodendron
34.82,62.54,3.36,40940.16,Aloe Vera
37.88,59.65,1.21,30865.43,Snake Plant
22.92,80.72,4.58,491.93,Monstera Deliciosa
18.52,38.13,1.33,44814.73,Aloe Vera
18.8,53.62,3.27,7.94,Money Plant
35.09,57.84,4.85,492.21,Monstera Deliciosa
31.7,66.25,1.25,41412.92,Aloe Vera
19.06,25.82,3.02,10930.91,Philodendron
37.26,30.16,3.79,7.72,Money Plant
35.48,60.15,3.7,240.87,Monstera Deliciosa
35.54,54.85,2.11,415.84,Monstera Deliciosa
23.38,36.29,3.7,36510.46,Aloe Vera
21.0,34.23,2.07,376.92,Monstera Deliciosa
31.28,65.36,2.09,42069.84,Aloe Vera
39.48,66.22,1.07,21502.76,Snake Plant
32.16,29.53,1.29,38408.47,Aloe Vera
35.93,43.15,3.39,25253.58,Snake Plant
22.63,38.82,0.65,330.05,Monstera Deliciosa
38.46,81.63,3.95,44975.11,Aloe Vera
21.51,83.97,3.52,2110.24,Philodendron
26.18,54.92,4.39,6016.43,Philodendron
39.42,32.2,2.4,6.66,Money Plant
37.95,43.2,4.36,456.28,Monstera Deliciosa
33.85,77.32,0.58,45900.34,Aloe Vera
22.62,78.91,1.77,36689.59,Aloe Vera
32.59,60.15,0.93,16.08,Monstera Deliciosa
26.72,44.58,3.19,156.96,Monstera Deliciosa
33.58,28.13,4.56,45017.4,Aloe Vera
29.83,83.0,1.33,2.16,Money Plant
34.86,27.25,3.12,47835.59,Aloe Vera
28.04,29.14,4.24,2167.41,Philodendron
17.35,84.13,3.51,48184.8,Aloe Vera
29.29,58.63,2.44,222.95,Monstera Deliciosa
34.35,64.13,4.52,307.47,Monstera Deliciosa
30.78,63.46,3.66,261.06,Monstera Deliciosa
17.61,49.99,2.69,34010.67,Snake Plant
30.02,73.33,2.78,16419.57,Snake Plant
21.36,48.52,2.63,1.26,Money Plant
21.92,88.15,1.99,106.09,Monstera Deliciosa
30.27,43.24,1.43,580.83,Philodendron
15.19,39.24,0.67,3.05,Money Plant
35.06,62.18,2.81,466.56,Monstera Deliciosa
24.93,30.66,3.28,3.11,Money Plant
27.69,81.82,2.72,49892.26,Aloe Vera
18.29,42.86,2.28,211.4,Monstera Deliciosa
37.69,71.41,3.24,413.66,Monstera Deliciosa
38.88,78.38,0.51,16023.66,Snake Plant
21.44,28.87,3.22,17290.64,Snake Plant
24.6,54.66,2.16,3.77,Money Plant
33.78,29.62,0.86,471.45,Monstera Deliciosa
31.71,69.11,2.13,647.89,Philodendron
30.9,84.36,3.26,45859.87,Aloe Vera
18.01,83.66,0.8,2561.85,Philodendron
15.29,52.43,1.83,292.83,Monstera Deliciosa
16.09,33.0,3.01,367.3,Monstera Deliciosa
31.31,79.96,3.62,339.75,Monstera Deliciosa
21.88,44.91,4.05,401.21,Monstera Deliciosa
35.56,80.74,4.62,166.24,Monstera Deliciosa
29.55,49.13,3.2,45326.39,Aloe Vera
24.36,35.85,2.44,8.01,Money Plant
23.65,35.04,0.61,27738.41,Snake Plant
23.52,29.66,2.34,341.79,Monstera Deliciosa
30.14,48.7,1.48,41810.57,Aloe Vera
32.21,34.14,2.69,4.55,Money Plant
39.1,49.97,0.68,3.49,Money Plant
19.0,26.52,3.9,151.73,Monstera Deliciosa
37.5,32.55,4.8,445.32,Monstera Deliciosa
30.07,78.74,4.93,480.96,Monstera Deliciosa
24.74,50.06,2.03,2735.95,Philodendron
28.84,60.21,3.93,41607.18,Aloe Vera
22.56,41.86,1.38,3.08,Money Plant
21.76,87.82,3.01,294.43,Monstera Deliciosa
18.48,53.86,3.32,206.87,Monstera Deliciosa
39.85,82.22,3.31,9499.96,Philodendron
20.03,50.68,0.68,276.08,Monstera Deliciosa
20.69,87.66,4.59,43001.27,Aloe Vera
36.75,33.49,4.06,7.15,Money Plant
21.89,82.01,4.75,4.16,Money Plant
39.52,56.42,4.39,5942.91,Philodendron
22.14,38.21,3.93,260.52,Monstera Deliciosa
27.31,62.52,4.4,41114.36,Aloe Vera
35.69,74.69,3.08,38007.92,Aloe Vera
17.73,80.51,2.48,48396.46,Aloe Vera
16.56,82.43,2.52,9585.96,Philodendron
38.16,26.24,2.65,29454.42,Snake Plant
32.31,33.74,1.85,404.17,Monstera Deliciosa
21.97,38.7,4.81,8.98,Money Plant
31.92,78.85,1.83,6.64,Money Plant
35.85,73.13,1.14,46534.07,Aloe Vera
31.46,74.8,4.31,16773.01,Snake Plant
27.19,30.05,2.33,42.34,Monstera Deliciosa
23.72,32.21,4.14,36085.67,Aloe Vera
38.88,58.97,1.85,4.51,Money Plant
34.86,70.96,0.73,3.63,Money Plant
22.38,40.1,1.76,48938.49,Aloe Vera
25.13,83.9,1.95,120.75,Monstera Deliciosa
31.01,88.63,3.22,327.43,Monstera Deliciosa
18.07,82.76,2.76,297.07,Monstera Deliciosa
30.62,29.67,3.57,359.84,Monstera Deliciosa
35.56,77.26,2.99,2572.56,Philodendron
34.38,42.64,2.74,75.58,Monstera Deliciosa
30.74,28.53,3.87,10.07,Monstera Deliciosa
27.78,28.05,1.74,35941.28,Aloe Vera
35.98,25.25,1.61,39744.74,Aloe Vera
17.55,48.42,1.72,39700.91,Aloe Vera
34.72,82.97,2.45,40660.39,Aloe Vera
39.1,30.8,3.59,199.95,Monstera Deliciosa
30.82,70.75,0.52,6.42,Money Plant
31.66,87.79,3.92,45538.4,Aloe Vera
22.45,31.85,4.02,15964.67,Snake Plant
24.0,87.19,2.75,234.27,Monstera Deliciosa
20.22,48.97,2.16,6.91,Money Plant
25.41,78.44,4.33,332.1,Monstera Deliciosa
26.81,82.21,1.47,27155.43,Snake Plant
22.38,33.88,3.43,39735.09,Aloe Vera
31.12,50.68,3.71,8.01,Money Plant
22.19,48.91,0.76,4.64,Money Plant
21.69,79.31,0.57,175.3,Monstera Deliciosa
15.48,33.08,2.36,208.1,Monstera Deliciosa
28.27,63.68,0.54,482.11,Monstera Deliciosa
27.98,69.04,1.9,46594.05,Aloe Vera
28.03,88.44,1.06,6.93,Money Plant
35.18,32.81,1.7,2.64,Money Plant
34.33,58.67,2.07,10.66,Monstera Deliciosa
22.5,67.02,4.88,35354.9,Aloe Vera
37.46,75.91,4.01,205.02,Monstera Deliciosa
22.57,29.27,1.53,247.2,Monstera Deliciosa
33.69,55.8,0.76,49140.92,Aloe Vera
34.63,89.44,2.95,36135.0,Aloe Vera
24.14,39.65,1.38,5.6,Money Plant
34.53,62.59,1.16,44539.68,Aloe Vera
24.7,68.82,1.67,459.57,Monstera Deliciosa
22.26,55.55,4.51,35933.99,Aloe Vera
18.68,25.51,3.34,75.79,Monstera Deliciosa
38.95,59.43,1.59,10354.82,Philodendron
16.91,42.86,4.13,277.82,Monstera Deliciosa
25.82,27.85,1.25,112.5,Monstera Deliciosa
16.25,79.84,4.92,47806.92,Aloe Vera
21.05,87.44,1.39,49922.29,Aloe Vera
32.79,88.77,3.06,224.13,Monstera Deliciosa
29.84,29.75,3.3,37852.42,Aloe Vera
34.81,84.01,4.75,42822.37,Aloe Vera
39.43,74.23,1.23,361.98,Monstera Deliciosa
21.18,66.64,3.5,5.09,Money Plant
34.29,57.43,0.55,3.21,Money Plant
38.15,39.86,3.35,167.62,Monstera Deliciosa
36.2,72.38,0.93,24.29,Monstera Deliciosa
27.02,68.06,1.03,204.94,Monstera Deliciosa
37.99,89.56,0.7,40576.49,Aloe Vera
24.81,74.03,4.63,43657.26,Aloe Vera
23.93,76.19,1.63,5700.03,Philodendron
31.42,40.63,1.36,36527.95,Aloe Vera
27.65,39.36,0.68,1.58,Money Plant
36.67,43.36,4.78,6831.47,Philodendron
29.5,58.59,3.91,182.99,Monstera Deliciosa
37.35,86.52,4.52,392.38,Monstera Deliciosa
26.91,57.34,1.42,3199.78,Philodendron
23.29,80.58,1.43,0.62,Money Plant
38.52,57.95,2.34,47537.55,Aloe Vera
23.3,70.09,3.97,18032.75,Snake Plant
36.9,60.04,1.77,28.41,Monstera Deliciosa
18.2,74.76,0.5,266.03,Monstera Deliciosa
16.37,88.25,1.52,158.93,Monstera Deliciosa
20.76,25.1,3.78,38365.18,Aloe Vera
31.58,73.22,4.32,158.44,Monstera Deliciosa
23.13,71.32,4.18,3.34,Money Plant
37.55,77.44,4.93,40898.53,Aloe Vera
29.77,67.97,0.85,10785.44,Philodendron
19.18,75.74,3.13,35637.29,Aloe Vera
21.63,64.1,1.83,46385.32,Aloe Vera
17.56,58.4,2.79,467.13,Monstera Deliciosa
35.69,70.32,3.71,461.29,Monstera Deliciosa
32.36,72.38,4.38,405.46,Monstera Deliciosa
19.88,47.45,2.01,47848.2,Aloe Vera
32.53,72.26,3.03,42444.39,Aloe Vera
24.51,35.6,4.04,40765.94,Aloe Vera
15.63,79.53,0.55,49553.89,Aloe Vera
25.94,40.27,3.67,43196.91,Aloe Vera
39.18,28.36,2.77,47939.74,Aloe Vera
19.48,77.0,2.99,74.54,Monstera Deliciosa
36.63,35.22,1.89,436.99,Monstera Deliciosa
31.82,76.78,1.63,26435.35,Snake Plant
35.82,83.9,0.55,16037.66,Snake Plant
28.72,43.7,1.88,314.43,Monstera Deliciosa
23.35,72.63,2.32,7.05,Money Plant
22.14,53.13,3.58,37.73,Monstera Deliciosa
24.35,86.39,3.39,27646.01,Snake Plant
19.97,52.19,3.88,2.5,Money Plant
21.91,53.08,4.91,4.67,Money Plant
19.48,88.09,1.01,371.56,Monstera Deliciosa
32.61,52.48,2.06,139.5,Monstera Deliciosa
20.13,56.4,1.71,331.81,Monstera Deliciosa
39.21,64.24,0.85,8.56,Money Plant
22.43,30.98,3.2,27970.45,Snake Plant
21.69,25.98,4.84,341.25,Monstera Deliciosa
32.67,64.65,1.91,302.86,Monstera Deliciosa
36.65,86.54,0.98,8.5,Money Plant
33.41,82.39,1.41,10666.82,Philodendron
32.0,51.53,0.57,4170.72,Philodendron
26.26,87.24,2.3,37828.92,Aloe Vera
31.81,88.51,0.96,3.9,Money Plant
17.32,73.64,4.62,136.77,Monstera Deliciosa
25.86,72.02,0.54,9393.12,Philodendron
30.94,40.73,3.71,1.79,Money Plant
36.94,73.02,0.56,115.06,Monstera Deliciosa
21.77,41.09,0.78,369.04,Monstera Deliciosa
30.17,68.74,0.87,47577.54,Aloe Vera
35.13,78.49,4.7,3404.89,Philodendron
30.42,73.29,3.82,1493.58,Philodendron
24.28,84.85,3.13,4399.11,Philodendron
24.21,83.2,3.5,41815.73,Aloe Vera
30.76,41.14,3.67,226.85,Monstera Deliciosa
31.23,85.86,0.79,39386.45,Aloe Vera
26.1,26.42,1.85,1315.5,Philodendron
27.28,85.26,0.97,41145.66,Aloe Vera
31.38,41.92,1.22,0.63,Money Plant
19.64,68.17,4.47,45277.33,Aloe Vera
17.76,43.8,1.89,262.35,Monstera Deliciosa
28.39,48.2,2.09,46839.6,Aloe Vera
22.69,84.4,4.79,183.67,Monstera Deliciosa
27.64,86.17,4.44,3.53,Money Plant
28.83,57.7,1.37,45154.43,Aloe Vera
35.95,80.82,3.87,309.17,Monstera Deliciosa
19.01,68.79,1.31,19592.73,Snake Plant
17.94,35.74,0.51,45986.28,Aloe Vera
27.87,35.49,0.88,1.49,Money Plant
37.27,40.7,2.09,2.0,Money Plant
27.98,64.5,1.6,3.52,Money Plant
20.86,39.27,4.82,26138.01,Snake Plant
25.39,52.88,2.93,29043.22,Snake Plant
19.29,57.51,2.35,44471.65,Aloe Vera
28.31,32.5,3.23,3.03,Money Plant
18.57,69.98,1.43,448.88,Monstera Deliciosa
20.11,58.01,2.39,7.13,Money Plant
16.73,55.83,3.02,28772.94,Snake Plant
21.33,25.65,3.76,12623.87,Philodendron
35.53,79.82,2.68,397.86,Monstera Deliciosa
26.28,36.92,4.35,41995.18,Aloe Vera
16.89,50.21,4.12,38052.89,Aloe Vera
16.67,82.03,2.25,14536.99,Philodendron
16.66,67.14,0.83,403.87,Monstera Deliciosa
25.84,89.82,3.02,117.85,Monstera Deliciosa
23.76,49.21,0.81,237.48,Monstera Deliciosa
33.07,67.69,3.69,1.96,Money Plant
31.54,56.46,0.52,46592.37,Aloe Vera
28.71,29.32,3.95,11838.64,Philodendron
33.79,77.2,2.83,6.04,Money Plant
30.51,73.25,1.26,8.01,Money Plant
33.75,84.03,3.91,9985.27,Philodendron
37.23,62.62,3.35,4.27,Money Plant
32.91,42.61,1.41,128.34,Monstera Deliciosa
20.37,52.62,4.59,3225.66,Philodendron
16.92,70.25,2.22,44893.0,Aloe Vera
34.91,42.68,3.62,470.14,Monstera Deliciosa
30.91,46.09,1.71,6.25,Money Plant
20.47,63.69,1.69,31298.98,Snake Plant
34.45,74.46,1.34,6.29,Money Plant
24.21,53.1,0.64,26.5,Monstera Deliciosa
36.98,40.82,3.01,6.0,Money Plant
23.08,83.36,4.5,451.47,Monstera Deliciosa
39.9,78.65,4.3,292.58,Monstera Deliciosa
16.68,31.17,5.0,376.61,Monstera Deliciosa
35.17,80.77,4.99,29.77,Monstera Deliciosa
25.28,33.46,0.6,394.03,Monstera Deliciosa
29.15,45.33,3.44,17.05,Monstera Deliciosa
34.11,65.54,3.93,7.53,Money Plant
30.49,61.62,3.31,43804.46,Aloe Vera
29.52,89.39,3.91,356.62,Monstera Deliciosa
24.73,39.88,3.19,48937.16,Aloe Vera
23.55,59.3,1.45,49716.79,Aloe Vera
31.24,77.29,3.72,1274.49,Philodendron
26.37,68.86,3.55,471.43,Monstera Deliciosa
19.18,57.52,3.61,27973.13,Snake Plant
21.88,35.15,3.36,3101.48,Philodendron
32.63,54.59,3.5,37546.76,Aloe Vera
15.48,75.64,3.24,31763.26,Snake Plant
35.07,87.46,2.91,206.92,Monstera Deliciosa
18.84,62.22,1.75,43748.28,Aloe Vera
29.82,48.07,0.73,3.81,Money Plant
17.11,64.45,4.46,44886.02,Aloe Vera
20.28,81.09,4.49,6.64,Money Plant
22.16,77.17,4.99,8.08,Money Plant
30.57,88.27,2.59,35936.85,Aloe Vera
23.38,29.36,4.89,47788.36,Aloe Vera
38.45,30.53,2.24,1.9,Money Plant
20.73,55.49,1.71,1.51,Money Plant
18.68,88.25,3.92,41596.67,Aloe Vera
21.96,76.89,1.97,123.93,Monstera Deliciosa
18.24,41.67,2.1,16252.23,Snake Plant
20.26,77.59,1.16,433.68,Monstera Deliciosa
18.87,30.38,2.68,286.07,Monstera Deliciosa
35.1,33.91,3.11,2590.0,Philodendron
30.6,42.79,2.7,4.14,Money Plant
22.66,78.45,0.76,234.63,Monstera Deliciosa
33.13,62.33,3.5,47933.18,Aloe Vera
22.85,59.97,4.28,48342.9,Aloe Vera
24.29,37.69,2.7,42389.04,Aloe Vera
27.08,79.48,2.13,41102.67,Aloe Vera
23.21,54.51,3.93,1.77,Money Plant
38.79,36.41,3.05,7600.07,Philodendron
31.12,39.94,2.99,334.22,Monstera Deliciosa
18.53,62.11,1.33,117.17,Monstera Deliciosa
19.57,78.67,1.79,49548.93,Aloe Vera
29.28,34.3,2.19,40511.49,Aloe Vera
17.18,61.19,4.3,37627.67,Aloe Vera
31.82,39.33,1.48,38745.78,Aloe Vera
21.58,25.04,4.42,44410.31,Aloe Vera
33.76,34.88,2.56,55.95,Monstera Deliciosa
27.15,84.85,0.68,111.7,Monstera Deliciosa
20.95,84.05,2.61,382.68,Monstera Deliciosa
18.86,56.67,2.43,14993.59,Philodendron
34.24,50.86,4.22,0.27,Money Plant
20.11,47.13,2.8,33212.2,Snake Plant
27.75,57.58,0.73,4.96,Money Plant
25.95,79.55,1.22,4.04,Money Plant
20.94,28.22,3.76,5.47,Money Plant
22.03,36.28,2.21,40882.01,Aloe Vera
33.77,33.16,3.98,341.92,Monstera Deliciosa
29.14,85.39,2.24,0.17,Money Plant
35.67,59.11,3.99,179.09,Monstera Deliciosa
15.75,87.5,3.51,38983.18,Aloe Vera
30.29,69.1,1.93,49207.47,Aloe Vera
37.12,73.04,1.75,482.05,Monstera Deliciosa
15.26,71.54,3.68,34802.19,Snake Plant
22.8,47.1,0.86,137.91,Monstera Deliciosa
23.58,79.25,4.71,3.35,Money Plant
38.22,29.02,0.92,5.36,Money Plant
18.76,87.92,2.51,4077.3,Philodendron
26.77,68.02,3.88,43668.79,Aloe Vera
37.61,78.13,3.91,0.06,Money Plant
20.31,68.13,2.35,443.45,Monstera Deliciosa
37.39,84.1,1.91,20433.39,Snake Plant
19.77,37.0,2.04,417.17,Monstera Deliciosa
18.0,72.77,2.89,251.48,Monstera Deliciosa
22.5,63.75,2.45,1.05,Money Plant
28.67,83.66,2.05,44880.26,Aloe Vera
38.29,78.36,3.05,32967.83,Snake Plant
24.99,46.24,0.55,47014.91,Aloe Vera
17.61,62.5,2.59,8.83,Money Plant
20.37,29.37,3.18,35487.62,Aloe Vera
31.47,59.6,0.96,5.11,Money Plant
22.41,85.99,4.18,38895.8,Aloe Vera
39.24,53.03,2.06,0.47,Money Plant
32.3,54.77,1.52,20057.91,Snake Plant
29.44,48.35,4.21,42160.78,Aloe Vera
23.77,48.57,4.13,112.44,Monstera Deliciosa
17.12,55.34,2.67,38319.36,Aloe Vera
24.52,77.55,4.21,234.97,Monstera Deliciosa
22.58,85.62,1.03,45258.31,Aloe Vera
28.29,27.12,2.64,89.0,Monstera Deliciosa
31.41,88.12,3.03,36027.69,Aloe Vera
25.44,32.56,3.26,44927.0,Aloe Vera
16.92,48.05,2.98,418.49,Monstera Deliciosa
35.37,64.77,2.18,61.88,Monstera Deliciosa
23.87,51.86,3.54,16403.09,Snake Plant
24.88,36.82,1.21,35629.69,Aloe Vera
25.48,35.93,4.46,3855.79,Philodendron
27.56,72.55,4.81,444.23,Monstera Deliciosa
38.36,84.57,3.36,23064.81,Snake Plant
33.81,59.53,3.55,368.43,Monstera Deliciosa
35.61,34.52,4.25,12747.81,Philodendron
25.78,49.64,4.62,423.66,Monstera Deliciosa
27.1,58.42,1.89,5216.24,Philodendron
15.98,42.68,0.53,49486.24,Aloe Vera
24.88,72.34,2.06,31108.8,Snake Plant
38.67,51.01,4.02,495.26,Monstera Deliciosa
15.64,64.23,3.47,17408.63,Snake Plant
38.46,36.78,3.3,160.54,Monstera Deliciosa
28.66,52.12,1.22,3.76,Money Plant
33.93,83.37,0.88,59.12,Monstera Deliciosa
15.41,68.01,3.21,2.1,Money Plant
15.59,79.27,4.89,2.08,Money Plant
36.71,85.22,2.39,0.35,Money Plant
29.35,50.54,0.63,664.88,Philodendron
34.68,44.92,0.68,6267.03,Philodendron
39.35,60.37,1.74,39073.11,Aloe Vera
37.61,49.36,2.97,3.84,Money Plant
35.81,77.37,1.51,410.48,Monstera Deliciosa
38.26,31.2,2.53,436.64,Monstera Deliciosa
17.09,38.72,3.89,4.43,Money Plant
26.05,46.74,2.28,2840.67,Philodendron
29.3,77.35,3.92,1.34,Money Plant
21.7,48.47,2.34,16134.55,Snake Plant
15.87,50.47,3.64,5.77,Money Plant
21.5,82.6,4.53,122.7,Monstera Deliciosa
25.28,40.63,3.53,45096.71,Aloe Vera
35.61,50.8,1.2,40407.76,Aloe Vera
31.78,42.59,0.87,37343.87,Aloe Vera
39.71,88.52,4.07,26556.56,Snake Plant
36.65,43.81,2.6,23224.4,Snake Plant
25.69,46.47,3.04,38023.72,Aloe Vera
38.36,69.79,4.2,11803.21,Philodendron
15.41,78.19,0.68,49879.45,Aloe Vera
22.35,38.67,3.94,434.13,Monstera Deliciosa
17.57,33.19,4.91,31937.9,Snake Plant
23.11,68.97,3.17,28650.97,Snake Plant
29.38,52.89,1.74,38394.86,Aloe Vera
32.31,40.17,3.31,38281.49,Aloe Vera
16.5,33.51,3.23,35675.91,Aloe Vera
33.35,47.19,2.65,39980.24,Aloe Vera
26.63,25.89,0.87,23.65,Monstera Deliciosa
30.78,52.72,2.97,2.66,Money Plant
31.6,87.74,0.73,43653.64,Aloe Vera
29.1,57.52,0.81,5.41,Money Plant
23.52,84.62,2.33,6.43,Money Plant
22.33,59.16,3.64,46883.08,Aloe Vera
31.91,69.18,4.76,10.54,Monstera Deliciosa
21.8,39.16,3.48,26869.63,Snake Plant
15.41,72.37,1.96,26132.01,Snake Plant
23.57,33.75,0.92,48776.04,Aloe Vera
31.24,31.72,2.31,46697.53,Aloe Vera
17.96,25.0,3.7,134.7,Monstera Deliciosa
15.32,60.12,4.33,43486.61,Aloe Vera
27.86,30.53,2.97,307.5,Monstera Deliciosa
24.72,40.62,0.93,57.36,Monstera Deliciosa
19.42,89.18,2.5,13167.6,Philodendron
39.89,62.88,4.16,159.81,Monstera Deliciosa
25.07,68.71,3.57,75.27,Monstera Deliciosa
30.81,33.34,3.1,29012.53,Snake Plant
33.84,81.74,2.75,44287.97,Aloe Vera
19.67,26.67,1.78,312.38,Monstera Deliciosa
36.25,37.76,1.06,36621.56,Aloe Vera
26.96,63.06,2.94,0.51,Money Plant
17.64,63.06,2.95,322.51,Monstera Deliciosa
35.5,27.7,2.74,20046.99,Snake Plant
22.69,64.89,4.54,43747.37,Aloe Vera
33.26,48.71,3.38,103.07,Monstera Deliciosa
32.54,61.17,2.11,35314.99,Aloe Vera
22.89,28.7,3.95,39970.95,Aloe Vera
31.89,50.74,3.9,212.02,Monstera Deliciosa
38.37,41.31,1.04,14555.2,Philodendron
24.45,29.03,2.03,2848.72,Philodendron
31.45,89.85,2.53,206.35,Monstera Deliciosa
17.88,82.41,2.37,333.25,Monstera Deliciosa
26.05,67.14,0.78,49107.62,Aloe Vera
31.22,87.05,1.18,304.89,Monstera Deliciosa
29.54,51.1,2.02,3.53,Money Plant
19.07,72.73,1.44,4.97,Money Plant
29.88,81.67,3.1,403.48,Monstera Deliciosa
28.51,30.15,3.05,40945.29,Aloe Vera
22.41,34.33,1.18,301.88,Monstera Deliciosa
17.02,86.07,3.9,12512.53,Philodendron
17.0,55.99,3.34,46752.26,Aloe Vera
21.93,86.16,1.06,49564.13,Aloe Vera
19.43,71.93,0.68,262.98,Monstera Deliciosa
29.52,85.84,3.53,406.74,Monstera Deliciosa
38.76,26.43,4.92,7.33,Money Plant
22.01,33.59,2.48,22619.66,Snake Plant
16.36,63.96,4.56,116.0,Monstera Deliciosa
26.06,28.14,4.19,43820.42,Aloe Vera
23.83,76.99,3.0,44472.25,Aloe Vera
34.61,63.91,2.36,43117.17,Aloe Vera
30.13,39.33,3.32,3180.97,Philodendron
16.49,64.28,3.94,3788.98,Philodendron
31.66,30.21,2.49,1.66,Money Plant
20.06,50.14,0.73,260.74,Monstera Deliciosa
27.08,49.88,4.28,4.55,Money Plant
16.55,29.63,3.08,13231.61,Philodendron
28.95,87.39,0.72,0.4,Money Plant
19.63,60.18,3.41,8.51,Money Plant
36.05,44.28,0.85,1.14,Money Plant
18.08,58.71,1.61,494.86,Monstera Deliciosa
32.11,86.68,1.14,281.82,Monstera Deliciosa
16.92,25.27,3.52,23216.37,Snake Plant
27.24,52.0,0.61,96.77,Monstera Deliciosa
17.46,87.19,3.2,39731.14,Aloe Vera
24.83,40.4,0.94,7.18,Money Plant
31.94,60.55,2.64,36091.95,Aloe Vera
22.02,47.75,4.02,38610.82,Aloe Vera
36.86,78.99,1.51,210.74,Monstera Deliciosa
39.46,36.76,4.1,368.13,Monstera Deliciosa
25.5,62.59,4.25,47996.48,Aloe Vera
16.49,69.98,1.13,278.81,Monstera Deliciosa
25.07,58.77,4.98,6.08,Money Plant
24.9,33.65,1.21,48194.14,Aloe Vera
37.68,89.45,1.44,337.92,Monstera Deliciosa
27.1,52.2,2.11,8846.53,Philodendron
19.04,55.66,2.99,3547.34,Philodendron
33.56,26.64,2.1,43458.83,Aloe Vera
21.53,70.17,3.05,46025.64,Aloe Vera
30.25,56.73,1.1,215.36,Monstera Deliciosa
29.98,58.39,1.8,4.47,Money Plant
22.14,72.75,0.61,14151.43,Philodendron
19.36,55.66,0.91,26011.08,Snake Plant
25.18,58.89,4.53,0.2,Money Plant
36.54,62.51,4.51,12247.53,Philodendron
25.74,73.74,4.61,3122.2,Philodendron
21.72,37.91,1.61,282.02,Monstera Deliciosa
29.7,52.72,3.27,0.79,Money Plant
19.3,58.68,1.46,206.15,Monstera Deliciosa
35.3,25.9,3.42,30973.32,Snake Plant
38.32,26.31,1.19,41878.32,Aloe Vera
29.11,68.1,3.56,49954.24,Aloe Vera
33.0,43.67,4.46,2.08,Money Plant
37.43,41.65,1.49,7.73,Money Plant
27.5,68.87,1.58,46400.32,Aloe Vera
22.81,51.69,1.44,44684.39,Aloe Vera
38.36,44.72,4.02,45375.14,Aloe Vera
39.14,50.58,1.09,29586.47,Snake Plant
29.38,38.44,2.77,219.46,Monstera Deliciosa
31.13,73.44,1.55,141.89,Monstera Deliciosa
19.97,75.92,4.59,378.13,Monstera Deliciosa
37.42,80.0,1.32,40650.77,Aloe Vera
23.48,29.06,2.69,2.24,Money Plant
22.92,77.57,4.44,430.76,Monstera Deliciosa
36.43,74.7,1.16,33900.54,Snake Plant
32.06,46.56,2.75,25211.9,Snake Plant
18.0,45.28,4.11,37060.36,Aloe Vera
38.81,46.37,3.48,47179.38,Aloe Vera
38.64,45.34,4.36,6.35,Money Plant
33.55,69.05,1.64,37533.71,Aloe Vera
16.34,71.64,2.64,40751.57,Aloe Vera
19.21,79.37,2.97,6.48,Money Plant
27.78,64.28,2.57,47443.61,Aloe Vera
32.73,31.85,4.27,28940.79,Snake Plant
24.07,82.15,3.76,3.67,Money Plant
37.16,28.07,4.83,27627.89,Snake Plant
21.76,41.17,4.74,390.0,Monstera Deliciosa
24.83,34.05,0.55,14648.82,Philodendron
24.23,48.22,2.05,6890.2,Philodendron
37.0,57.86,2.78,8.84,Money Plant
21.25,29.77,3.48,6520.2,Philodendron
25.55,76.03,1.38,44731.56,Aloe Vera
25.47,54.77,1.65,42693.61,Aloe Vera
23.02,63.74,4.98,461.14,Monstera Deliciosa
23.63,28.56,1.42,117.62,Monstera Deliciosa
15.01,84.48,4.3,37518.05,Aloe Vera
18.01,29.39,3.76,41458.61,Aloe Vera
17.98,58.31,2.07,314.45,Monstera Deliciosa
32.97,32.19,0.66,38491.69,Aloe Vera
16.35,37.34,0.68,403.18,Monstera Deliciosa
23.53,53.87,3.54,12991.1,Philodendron
36.65,25.64,4.0,494.53,Monstera Deliciosa
27.08,89.15,3.9,273.81,Monstera Deliciosa
39.8,80.74,0.94,40184.35,Aloe Vera
15.17,51.23,1.56,40060.62,Aloe Vera
35.69,25.04,1.89,124.45,Monstera Deliciosa
16.7,37.16,3.0,214.52,Monstera Deliciosa
24.42,81.93,4.57,171.78,Monstera Deliciosa
17.67,86.97,0.77,156.05,Monstera Deliciosa
23.01,35.68,4.02,5.71,Money Plant
18.1,29.58,4.59,7.39,Money Plant
28.62,30.06,4.8,431.23,Monstera Deliciosa
19.22,80.51,0.56,11657.15,Philodendron
38.37,84.1,4.19,37989.1,Aloe Vera
22.1,43.78,2.2,276.83,Monstera Deliciosa
19.0,69.93,1.25,256.64,Monstera Deliciosa
34.91,73.07,3.4,4.92,Money Plant
17.19,49.53,2.36,2.47,Money Plant
38.89,86.99,2.09,1.61,Money Plant
24.81,86.61,1.14,36631.13,Aloe Vera
39.53,49.81,3.99,317.56,Monstera Deliciosa
19.8,34.49,4.72,48312.15,Aloe Vera
30.64,77.54,0.81,163.71,Monstera Deliciosa
30.89,48.14,1.17,12308.75,Philodendron
24.55,33.6,1.39,156.95,Monstera Deliciosa
31.07,64.06,3.63,413.76,Monstera Deliciosa
20.1,55.49,4.1,0.99,Money Plant
37.09,47.29,3.58,6.21,Money Plant
22.9,28.62,3.24,199.54,Monstera Deliciosa
17.01,34.57,1.84,8.2,Money Plant
15.15,56.45,1.05,463.77,Monstera Deliciosa
19.04,87.78,1.43,43200.61,Aloe Vera
37.11,61.01,2.91,1.5,Money Plant
37.91,46.31,2.17,40083.01,Aloe Vera
38.8,72.97,3.19,35745.04,Aloe Vera
21.43,55.23,1.52,48788.2,Aloe Vera
25.59,47.24,4.83,249.63,Monstera Deliciosa
23.79,84.12,3.06,47177.29,Aloe Vera
23.55,53.19,4.32,399.03,Monstera Deliciosa
38.52,65.51,3.84,47675.75,Aloe Vera
24.88,28.33,2.31,24007.56,Snake Plant
33.72,48.2,3.36,6.74,Money Plant
28.64,38.26,1.81,42239.54,Aloe Vera
20.4,87.87,3.72,41407.15,Aloe Vera
26.88,83.37,2.86,38783.34,Aloe Vera
26.17,33.02,1.43,0.35,Money Plant
39.43,40.75,3.48,43260.36,Aloe Vera
18.83,72.33,3.2,46546.43,Aloe Vera
39.39,62.28,2.04,16369.75,Snake Plant
37.43,32.76,1.98,43960.09,Aloe Vera
24.84,55.77,4.35,436.13,Monstera Deliciosa
17.2,75.49,4.31,3.87,Money Plant
19.14,70.93,2.91,18930.54,Snake Plant
20.29,27.7,1.95,12940.2,Philodendron
31.67,53.3,4.79,48952.55,Aloe Vera
28.19,41.83,0.74,36820.42,Aloe Vera
22.57,59.61,3.04,18325.94,Snake Plant
24.49,65.12,4.86,48839.13,Aloe Vera
34.06,63.46,1.36,27467.97,Snake Plant
30.06,56.84,2.88,264.46,Monstera Deliciosa
19.94,77.34,1.34,3.93,Money Plant
31.46,53.45,1.75,5532.19,Philodendron
38.32,84.97,2.76,371.19,Monstera Deliciosa
15.92,55.86,2.01,35181.03,Aloe Vera
28.82,73.14,2.68,8.75,Money Plant
27.95,64.92,1.56,220.28,Monstera Deliciosa
16.87,31.9,4.27,105.53,Monstera Deliciosa
27.62,74.97,0.78,2229.43,Philodendron
15.91,28.43,4.25,0.41,Money Plant
25.95,79.86,1.68,29.56,Monstera Deliciosa
26.23,62.54,3.07,164.61,Monstera Deliciosa
17.67,48.84,0.95,49494.15,Aloe Vera
39.25,81.23,3.2,39278.8,Aloe Vera
30.77,54.62,2.67,39229.49,Aloe Vera
22.95,85.1,0.75,457.27,Monstera Deliciosa
30.26,60.52,1.62,427.5,Monstera Deliciosa
28.98,58.46,0.95,8.67,Money Plant
24.42,64.21,0.86,33651.4,Snake Plant
29.39,33.2,3.12,41096.84,Aloe Vera
37.0,67.16,4.55,17626.63,Snake Plant
22.74,38.12,4.59,45146.3,Aloe Vera
22.52,36.96,3.9,120.64,Monstera Deliciosa
30.42,27.62,1.97,82.5,Monstera Deliciosa
39.62,38.59,1.09,386.84,Monstera Deliciosa
25.64,61.75,0.59,4.01,Money Plant
35.42,82.54,0.89,13741.92,Philodendron
24.7,78.92,1.1,46271.6,Aloe Vera
38.53,68.98,2.14,39134.23,Aloe Vera
23.3,70.55,3.94,38072.83,Aloe Vera
34.95,73.01,0.79,148.56,Monstera Deliciosa
22.61,88.89,3.39,49649.29,Aloe Vera
24.43,77.12,2.46,37710.68,Aloe Vera
38.69,39.22,1.97,40906.93,Aloe Vera
30.21,53.9,3.84,38.64,Monstera Deliciosa
22.5,55.83,1.26,205.99,Monstera Deliciosa
16.43,62.91,4.48,5.38,Money Plant
31.62,52.26,3.65,257.27,Monstera Deliciosa
15.18,69.96,3.48,3.31,Money Plant
39.48,52.35,2.76,45759.21,Aloe Vera
29.55,76.86,4.39,242.8,Monstera Deliciosa
24.65,87.84,3.64,7.77,Money Plant
27.01,29.47,2.97,440.1,Monstera Deliciosa
20.1,78.72,3.01,8.75,Money Plant
27.82,43.91,2.61,39574.24,Aloe Vera
19.82,33.39,1.84,42074.92,Aloe Vera
20.69,35.8,2.0,40146.06,Aloe Vera
39.7,56.54,1.31,41905.87,Aloe Vera
32.74,88.94,0.73,6.48,Money Plant
22.05,36.98,0.68,6.97,Money Plant
18.36,55.4,3.23,23.28,Monstera Deliciosa
34.59,25.68,3.93,41493.17,Aloe Vera
28.39,56.0,2.25,48409.11,Aloe Vera
23.4,64.98,4.67,42634.88,Aloe Vera
26.32,43.12,4.81,5.22,Money Plant
22.06,43.14,2.32,35825.44,Aloe Vera
29.46,30.37,1.2,260.13,Monstera Deliciosa
21.47,45.57,0.89,483.61,Monstera Deliciosa
38.62,46.77,3.07,35093.75,Aloe Vera
35.27,86.64,0.91,8.65,Money Plant
28.44,25.92,1.66,349.53,Monstera Deliciosa
33.33,89.7,1.79,8233.66,Philodendron
25.14,36.0,4.9,42475.5,Aloe Vera
30.08,39.77,2.95,25303.83,Snake Plant
39.76,64.74,2.17,37557.77,Aloe Vera
24.61,47.55,2.44,42263.11,Aloe Vera
34.85,62.47,2.04,38575.11,Aloe Vera
20.61,57.79,1.67,5.83,Money Plant
27.78,53.96,4.85,13019.89,Philodendron
18.49,62.0,4.41,10911.49,Philodendron
24.3,31.01,2.56,434.86,Monstera Deliciosa
21.1,87.84,4.81,180.55,Monstera Deliciosa
37.39,87.83,2.5,267.79,Monstera Deliciosa
32.19,42.78,3.81,0.44,Money Plant
24.66,47.98,1.92,167.16,Monstera Deliciosa
19.81,45.12,4.89,227.91,Monstera Deliciosa
29.41,88.92,1.59,29319.98,Snake Plant
30.18,30.76,3.55,5.37,Money Plant
33.49,38.71,4.29,7.59,Money Plant
26.51,39.14,1.1,36090.91,Aloe Vera
19.98,47.61,3.29,2322.7,Philodendron
22.24,40.52,1.46,354.98,Monstera Deliciosa
20.44,48.83,2.26,49320.04,Aloe Vera
35.0,40.71,0.81,140.73,Monstera Deliciosa
27.65,75.55,4.36,40395.77,Aloe Vera
32.18,45.33,0.77,35148.4,Aloe Vera
25.23,46.41,3.62,39562.12,Aloe Vera
35.29,44.1,2.51,45394.11,Aloe Vera
39.68,39.64,3.48,33302.05,Snake Plant
18.91,73.87,3.06,242.47,Monstera Deliciosa
23.34,62.66,4.5,9660.34,Philodendron
27.97,28.33,1.55,162.02,Monstera Deliciosa
19.54,57.77,1.95,237.35,Monstera Deliciosa
18.33,85.3,4.4,36594.1,Aloe Vera
34.4,77.52,3.95,5.8,Money Plant
35.86,62.53,3.41,269.07,Monstera Deliciosa
15.86,66.53,0.87,153.4,Monstera Deliciosa
28.64,33.67,3.61,37451.15,Aloe Vera
17.61,34.46,4.45,7275.82,Philodendron
17.67,67.22,4.41,44391.19,Aloe Vera
16.88,32.31,0.72,76.47,Monstera Deliciosa
21.5,50.03,4.74,31699.64,Snake Plant
32.76,32.31,3.81,323.16,Monstera Deliciosa
23.52,89.85,1.69,466.03,Monstera Deliciosa
15.62,70.28,3.76,49616.62,Aloe Vera
39.39,29.24,4.2,27947.2,Snake Plant
18.21,67.26,4.92,41587.52,Aloe Vera
16.0,48.55,4.22,41890.7,Aloe Vera
16.38,52.75,2.61,44616.65,Aloe Vera
22.79,59.15,0.8,40401.54,Aloe Vera
26.95,48.09,3.57,29306.73,Snake Plant
21.7,45.52,1.06,15796.9,Snake Plant
29.94,81.53,4.51,235.06,Monstera Deliciosa
16.92,68.6,4.2,216.44,Monstera Deliciosa
35.97,82.01,1.59,3291.96,Philodendron
17.55,84.22,4.19,35732.45,Aloe Vera
36.09,53.47,2.04,1825.53,Philodendron
33.92,62.86,1.34,1.66,Money Plant
16.43,63.21,4.28,0.44,Money Plant
29.32,78.27,1.97,302.21,Monstera Deliciosa
21.86,26.73,3.81,26615.54,Snake Plant
33.54,68.89,1.43,71.79,Monstera Deliciosa
18.25,68.95,4.36,44425.58,Aloe Vera
19.6,31.87,4.16,9465.51,Philodendron
34.54,70.71,4.26,6.73,Money Plant
36.27,43.6,3.38,479.41,Monstera Deliciosa
15.84,62.69,1.25,37639.18,Aloe Vera
20.88,57.13,4.62,80.68,Monstera Deliciosa
33.97,57.54,4.6,5.81,Money Plant
20.82,35.19,3.58,11445.24,Philodendron
22.74,54.12,2.32,39384.44,Aloe Vera
22.37,48.05,3.04,458.49,Monstera Deliciosa
21.64,83.23,0.97,33139.8,Snake Plant
19.22,87.94,2.54,45152.62,Aloe Vera
22.54,37.24,1.87,1.29,Money Plant
17.62,52.49,4.08,1.17,Money Plant
31.09,37.82,0.94,8.31,Money Plant
35.54,48.01,3.45,10318.62,Philodendron
32.07,65.87,1.7,4.1,Money Plant
37.27,62.02,4.25,37455.08,Aloe Vera
32.29,68.83,4.91,45300.49,Aloe Vera
21.09,76.91,0.98,48653.03,Aloe Vera
24.57,65.99,2.44,162.08,Monstera Deliciosa
34.05,85.85,4.73,7.87,Money Plant
33.44,41.43,0.8,456.98,Monstera Deliciosa
30.83,71.87,1.66,35422.79,Aloe Vera
24.38,65.74,1.16,38526.23,Aloe Vera
31.31,51.34,3.18,0.15,Money Plant
37.74,42.53,4.19,38172.26,Aloe Vera
21.63,68.09,4.84,42543.63,Aloe Vera
34.88,33.82,4.9,37456.77,Aloe Vera
22.49,31.51,1.72,40675.36,Aloe Vera
17.21,47.24,4.92,23323.8,Snake Plant
19.16,89.1,4.19,44.33,Monstera Deliciosa
16.42,32.82,3.11,42451.65,Aloe Vera
36.07,53.98,3.69,37610.28,Aloe Vera
24.03,66.42,0.82,272.05,Monstera Deliciosa
39.91,55.84,4.17,400.23,Monstera Deliciosa
29.89,82.63,2.35,27600.74,Snake Plant
25.43,34.38,0.92,7.86,Money Plant
20.91,38.75,3.81,257.96,Monstera Deliciosa
19.06,87.38,4.33,41102.2,Aloe Vera
34.06,34.35,0.54,5.28,Money Plant
26.38,58.67,0.53,361.85,Monstera Deliciosa
26.07,72.59,1.55,43826.88,Aloe Vera
20.27,40.39,3.33,41235.0,Aloe Vera
21.46,81.36,3.51,249.07,Monstera Deliciosa
20.11,65.74,2.11,42203.27,Aloe Vera
27.15,61.78,4.63,41767.5,Aloe Vera
32.97,63.11,2.72,4.18,Money Plant
21.15,84.46,2.01,42996.3,Aloe Vera
30.79,60.29,1.08,58.58,Monstera Deliciosa
30.57,54.05,4.0,90.64,Monstera Deliciosa
25.16,85.23,3.7,263.46,Monstera Deliciosa
17.11,89.0,3.5,297.05,Monstera Deliciosa
17.74,87.78,1.29,19909.84,Snake Plant
32.94,75.49,3.53,32849.49,Snake Plant
16.97,46.51,1.62,40841.46,Aloe Vera
33.32,69.51,1.45,147.83,Monstera Deliciosa
25.28,40.23,0.59,49484.18,Aloe Vera
23.54,47.0,0.53,31508.97,Snake Plant
18.67,35.38,4.06,15898.17,Snake Plant
30.56,45.08,2.16,47164.22,Aloe Vera
25.01,86.56,2.33,42258.68,Aloe Vera
37.44,84.0,0.89,47383.2,Aloe Vera
34.78,38.06,4.12,39337.97,Aloe Vera
38.81,28.24,1.17,8849.42,Philodendron
31.13,26.1,4.82,1.29,Money Plant
15.35,61.85,4.7,31453.33,Snake Plant
15.33,60.23,2.57,45.38,Monstera Deliciosa
32.11,57.71,3.94,83.2,Monstera Deliciosa
31.21,36.21,4.43,18144.92,Snake Plant
39.06,58.69,0.83,20064.72,Snake Plant
35.09,78.16,4.91,7097.42,Philodendron
33.84,33.61,2.96,1798.27,Philodendron
25.45,80.46,4.35,0.82,Money Plant
21.57,81.86,1.08,36518.38,Aloe Vera
30.58,48.14,4.05,323.21,Monstera Deliciosa
20.89,71.39,4.43,7.8,Money Plant
29.84,33.26,2.42,6.3,Money Plant
33.97,31.88,2.78,49042.51,Aloe Vera
27.84,86.77,2.91,425.62,Monstera Deliciosa
27.32,55.67,2.71,47479.29,Aloe Vera
25.09,46.66,2.71,3956.65,Philodendron
34.85,56.62,2.0,2.15,Money Plant
38.73,44.83,1.26,160.47,Monstera Deliciosa
15.88,46.0,2.95,5670.75,Philodendron
26.18,87.76,2.2,129.3,Monstera Deliciosa
26.44,74.37,1.43,35318.23,Aloe Vera
25.47,75.43,2.02,3472.99,Philodendron
33.55,28.4,4.34,7.87,Money Plant
23.81,71.97,1.94,36900.43,Aloe Vera
19.46,57.05,0.87,8.49,Money Plant
39.41,49.46,4.65,4412.0,Philodendron
32.56,67.83,4.95,339.31,Monstera Deliciosa
16.3,32.39,0.52,47034.3,Aloe Vera
34.67,58.13,1.85,2.56,Money Plant
24.4,74.16,2.93,0.16,Money Plant
17.56,51.68,4.7,31036.72,Snake Plant
26.66,48.51,0.99,46747.62,Aloe Vera
19.2,58.3,2.69,33923.79,Snake Plant
29.49,60.11,0.73,1.69,Money Plant
15.81,73.32,3.75,7.52,Money Plant
18.87,44.58,1.62,134.79,Monstera Deliciosa
27.22,51.48,4.94,1.28,Money Plant
16.32,65.68,0.75,42679.57,Aloe Vera
28.18,61.5,1.27,2.87,Money Plant
29.84,38.66,1.02,35330.71,Aloe Vera
35.07,76.22,1.84,1.31,Money Plant
32.44,66.78,4.02,45379.22,Aloe Vera
18.9,40.82,4.29,45.54,Monstera Deliciosa
32.58,51.16,4.64,16809.29,Snake Plant
38.7,41.81,2.02,35.1,Monstera Deliciosa
27.41,33.02,2.3,388.69,Monstera Deliciosa
35.08,34.97,2.15,84.19,Monstera Deliciosa
34.96,70.97,1.36,61.84,Monstera Deliciosa
30.71,32.89,4.94,40854.19,Aloe Vera
29.46,84.24,2.99,3.41,Money Plant
36.08,66.87,3.43,48409.7,Aloe Vera
37.99,31.17,2.95,46354.15,Aloe Vera
30.17,35.84,4.09,36292.95,Aloe Vera
26.6,36.31,2.02,3.6,Money Plant
28.75,65.27,3.49,38232.73,Aloe Vera
18.01,80.35,1.2,47638.23,Aloe Vera
27.52,88.79,0.94,322.73,Monstera Deliciosa
23.75,85.34,0.8,9067.97,Philodendron
31.32,41.62,2.14,37924.95,Aloe Vera
35.67,61.57,3.93,38113.46,Aloe Vera
29.22,81.4,2.44,41783.77,Aloe Vera
18.57,50.31,4.78,435.37,Monstera Deliciosa
37.03,47.76,0.87,39673.37,Aloe Vera
34.57,53.77,2.68,40736.07,Aloe Vera
26.08,49.45,2.15,12227.78,Philodendron
24.04,59.08,3.52,145.99,Monstera Deliciosa
38.34,72.03,3.1,15586.96,Snake Plant
30.45,58.12,2.96,49.92,Monstera Deliciosa
19.83,86.8,2.34,35.83,Monstera Deliciosa
15.94,71.62,2.92,4026.06,Philodendron
33.62,35.94,1.35,150.28,Monstera Deliciosa
21.19,66.94,3.43,41266.21,Aloe Vera
16.83,42.79,4.91,10791.48,Philodendron
15.18,58.68,0.67,13851.26,Philodendron
39.21,60.14,2.56,45104.47,Aloe Vera
16.62,55.27,1.58,233.18,Monstera Deliciosa
29.55,48.19,1.24,12538.11,Philodendron
31.6,46.99,4.71,38141.02,Aloe Vera
15.99,73.19,4.22,48347.66,Aloe Vera
30.01,59.45,0.63,235.21,Monstera Deliciosa
30.71,61.22,3.84,286.83,Monstera Deliciosa
17.2,51.89,3.88,34812.86,Snake Plant
21.95,57.38,1.98,429.91,Monstera Deliciosa
32.11,82.36,1.42,35897.37,Aloe Vera
37.21,46.39,1.92,14140.07,Philodendron
16.19,47.9,4.35,107.59,Monstera Deliciosa
25.62,50.06,4.62,42577.23,Aloe Vera
39.71,55.24,0.76,223.67,Monstera Deliciosa
18.92,86.59,3.95,299.49,Monstera Deliciosa
33.04,86.18,4.47,11732.69,Philodendron
29.05,60.93,1.02,4.77,Money Plant
21.72,26.37,3.75,5.36,Money Plant
28.48,87.97,2.68,4.97,Money Plant
36.03,89.8,2.44,454.26,Monstera Deliciosa
19.78,65.0,2.33,3.13,Money Plant
21.63,69.6,4.77,407.62,Monstera Deliciosa
16.38,59.98,0.82,46495.5,Aloe Vera
31.45,78.55,3.41,45709.66,Aloe Vera
38.12,58.61,1.03,2340.53,Philodendron
29.81,56.36,3.3,1.75,Money Plant
27.28,86.78,2.23,360.2,Monstera Deliciosa
30.09,44.43,2.35,483.35,Monstera Deliciosa
18.27,49.17,0.62,392.43,Monstera Deliciosa
20.03,30.2,2.64,0.76,Money Plant
35.19,75.15,4.62,45247.95,Aloe Vera
16.31,75.89,4.3,42627.68,Aloe Vera
20.82,79.95,3.77,37336.23,Aloe Vera
20.64,38.77,4.07,0.6,Money Plant
39.96,26.61,4.26,422.39,Monstera Deliciosa
28.87,83.61,4.67,0.68,Money Plant
21.26,68.51,4.5,307.42,Monstera Deliciosa
19.71,77.32,4.85,252.46,Monstera Deliciosa
17.15,61.34,2.76,3.98,Money Plant
23.35,58.92,3.14,6.85,Money Plant
32.83,48.81,0.74,49327.67,Aloe Vera
21.0,46.03,1.33,2746.05,Philodendron
23.9,70.31,3.02,215.92,Monstera Deliciosa
29.05,25.38,0.85,36169.11,Aloe Vera
32.67,84.8,1.72,288.77,Monstera Deliciosa
37.04,86.22,3.83,6.02,Money Plant
25.26,55.6,0.72,7.11,Money Plant
26.35,44.61,2.23,46235.24,Aloe Vera
21.81,32.64,1.63,43724.25,Aloe Vera
28.34,63.77,2.15,42849.77,Aloe Vera
17.92,33.39,2.92,39625.97,Aloe Vera
36.74,74.67,1.62,0.92,Money Plant
33.21,37.98,2.17,11019.56,Philodendron
17.83,51.41,2.68,12366.41,Philodendron
19.29,77.51,3.62,10643.45,Philodendron
25.3,34.0,3.5,9771.3,Philodendron
23.45,83.95,3.14,4.05,Money Plant
33.91,76.62,2.73,39015.76,Aloe Vera
25.26,83.41,4.53,32179.75,Snake Plant
17.22,81.22,1.94,2.15,Money Plant
25.45,41.33,1.94,2.67,Money Plant
29.31,53.72,2.06,48402.76,Aloe Vera
33.92,46.58,3.85,1.17,Money Plant
23.64,77.5,1.61,1.19,Money Plant
36.47,66.2,1.64,8150.38,Philodendron
31.39,40.16,4.39,350.12,Monstera Deliciosa
15.4,49.22,2.08,1555.6,Philodendron
34.75,39.16,3.55,43428.59,Aloe Vera
33.52,68.02,2.1,39421.23,Aloe Vera
29.28,73.45,2.21,235.08,Monstera Deliciosa
35.45,85.44,2.95,33065.57,Snake Plant
17.46,40.09,3.69,47855.58,Aloe Vera
25.38,30.81,2.47,152.69,Monstera Deliciosa
34.31,29.91,4.22,302.07,Monstera Deliciosa
17.24,46.93,0.9,47109.12,Aloe Vera
26.49,39.53,4.7,88.88,Monstera Deliciosa
29.08,86.35,0.52,469.84,Monstera Deliciosa
19.28,32.36,3.07,42157.17,Aloe Vera
39.86,69.15,0.83,41119.01,Aloe Vera
22.19,61.26,1.87,0.01,Money Plant
26.24,79.4,3.08,39303.41,Aloe Vera
22.01,35.38,1.24,398.49,Monstera Deliciosa
37.64,88.38,1.55,39924.5,Aloe Vera
17.82,81.55,3.36,3.87,Money Plant
22.18,72.89,2.54,35822.12,Aloe Vera
23.88,56.32,2.76,367.33,Monstera Deliciosa
36.87,86.02,4.12,43258.63,Aloe Vera
35.65,44.73,2.29,239.02,Monstera Deliciosa
22.14,87.5,1.91,4.74,Money Plant
16.43,32.19,1.49,222.29,Monstera Deliciosa
34.99,73.07,2.42,165.07,Monstera Deliciosa
34.35,28.38,0.56,42157.72,Aloe Vera
18.27,40.31,4.7,45647.07,Aloe Vera
27.06,58.82,4.89,38229.82,Aloe Vera
35.28,37.82,1.46,23100.62,Snake Plant
38.29,30.79,2.8,48561.8,Aloe Vera
18.91,48.83,3.29,8.71,Money Plant
37.87,35.85,1.05,8.18,Money Plant
19.84,52.06,2.52,1541.09,Philodendron
20.67,85.55,4.59,35292.0,Aloe Vera
23.18,65.82,1.74,44508.71,Aloe Vera
16.8,84.09,4.81,4.79,Money Plant
22.58,50.53,1.31,14390.74,Philodendron
27.58,30.39,3.29,429.4,Monstera Deliciosa
25.87,37.53,1.36,38984.55,Aloe Vera
34.18,38.38,1.95,472.17,Monstera Deliciosa
38.29,38.45,2.11,4.59,Money Plant
26.51,83.55,4.69,250.95,Monstera Deliciosa
37.41,77.44,0.52,216.67,Monstera Deliciosa
20.74,37.97,0.67,20250.94,Snake Plant
16.31,40.01,4.11,42246.51,Aloe Vera
25.4,88.56,1.4,153.01,Monstera Deliciosa
19.32,49.66,4.6,23239.52,Snake Plant
38.36,28.15,1.45,9425.9,Philodendron
15.99,51.2,3.42,27763.16,Snake Plant
23.01,31.08,2.42,8.53,Money Plant
26.88,45.62,3.95,161.92,Monstera Deliciosa
35.3,81.36,3.53,5.1,Money Plant
34.08,33.87,1.53,35302.81,Aloe Vera
33.82,55.8,2.51,7.37,Money Plant
24.0,60.15,3.55,49339.74,Aloe Vera
28.28,50.98,4.79,20963.71,Snake Plant
18.16,79.77,2.13,24416.86,Snake Plant
19.97,64.11,0.77,277.84,Monstera Deliciosa
25.9,73.66,4.23,35583.16,Aloe Vera
19.85,59.88,4.71,47638.18,Aloe Vera
22.58,52.91,2.62,0.28,Money Plant
38.67,40.65,1.58,8.36,Money Plant
29.49,68.36,4.6,314.54,Monstera Deliciosa
15.97,37.14,4.24,40260.29,Aloe Vera
24.42,59.68,0.5,112.03,Monstera Deliciosa
21.26,77.38,1.76,4.54,Money Plant
36.64,40.69,0.85,376.35,Monstera Deliciosa
28.77,78.09,4.82,44057.44,Aloe Vera
27.33,27.6,4.93,84.59,Monstera Deliciosa
31.67,43.48,3.14,6963.64,Philodendron
35.9,42.22,2.52,10122.89,Philodendron
34.6,50.66,3.41,8.39,Money Plant
24.58,72.42,0.59,248.67,Monstera Deliciosa
36.96,59.27,4.68,250.32,Monstera Deliciosa
17.99,77.17,1.61,48662.45,Aloe Vera
38.58,58.81,3.55,36966.09,Aloe Vera
30.02,27.23,2.74,1.65,Money Plant
24.13,53.11,3.3,4.53,Money Plant
19.57,62.31,3.37,11205.55,Philodendron
23.39,74.73,2.45,327.57,Monstera Deliciosa
15.46,67.51,3.28,52.04,Monstera Deliciosa
17.27,85.01,3.6,3.21,Money Plant
29.81,79.31,0.7,445.98,Monstera Deliciosa
15.23,38.09,4.82,20234.17,Snake Plant
16.67,26.83,1.6,41239.29,Aloe Vera
33.01,84.69,2.34,4.65,Money Plant
37.7,77.28,0.8,26438.38,Snake Plant
37.69,32.96,2.9,41150.95,Aloe Vera
27.05,29.58,1.75,473.11,Monstera Deliciosa
22.07,54.96,3.52,4.38,Money Plant
33.46,81.35,3.32,17526.54,Snake Plant
38.64,33.62,3.99,467.46,Monstera Deliciosa
33.0,74.0,1.49,312.73,Monstera Deliciosa
34.25,31.76,4.83,39055.96,Aloe Vera
35.57,58.69,2.58,294.67,Monstera Deliciosa
33.25,51.71,3.33,29222.73,Snake Plant
16.3,80.88,2.56,128.46,Monstera Deliciosa
27.08,82.64,2.2,36453.18,Aloe Vera
26.9,89.46,3.97,255.71,Monstera Deliciosa
20.84,51.62,4.01,38422.28,Aloe Vera
38.06,63.52,2.21,9273.93,Philodendron
29.0,56.62,2.77,7.31,Money Plant
28.54,33.52,3.95,49209.66,Aloe Vera
24.23,33.81,2.83,8.41,Money Plant
19.59,41.43,2.33,399.38,Monstera Deliciosa
26.41,36.1,1.7,2638.93,Philodendron
30.29,61.77,3.72,48683.91,Aloe Vera
38.65,40.91,1.09,448.59,Monstera Deliciosa
39.3,80.86,1.0,41350.95,Aloe Vera
15.23,53.76,0.71,5409.69,Philodendron
26.84,64.86,4.41,23681.54,Snake Plant
35.49,83.86,1.04,4626.14,Philodendron
16.18,68.46,4.38,7.31,Money Plant
36.33,84.43,1.69,39810.62,Aloe Vera
28.81,28.28,0.7,41667.76,Aloe Vera
21.41,37.38,3.51,7.25,Money Plant
16.98,37.45,2.24,183.95,Monstera Deliciosa
23.02,87.65,3.39,3.87,Money Plant
36.88,44.59,0.93,44090.6,Aloe Vera
29.26,28.48,1.13,19157.27,Snake Plant
27.6,60.42,1.78,47637.12,Aloe Vera
33.06,30.07,0.98,88.75,Monstera Deliciosa
39.46,35.3,2.69,323.3,Monstera Deliciosa
18.23,52.97,1.74,35609.75,Aloe Vera
37.84,79.14,1.84,35469.17,Aloe Vera
39.17,59.23,1.86,42.54,Monstera Deliciosa
39.73,27.55,3.45,474.97,Monstera Deliciosa
21.15,59.59,2.67,36021.09,Aloe Vera
19.84,38.95,3.82,5.16,Money Plant
20.38,81.01,4.74,5609.13,Philodendron
20.85,28.24,1.71,25672.81,Snake Plant
38.6,50.76,3.62,261.16,Monstera Deliciosa
21.69,54.57,2.62,49109.66,Aloe Vera
23.23,27.74,2.73,2943.22,Philodendron
34.01,89.02,4.76,7.88,Money Plant
32.61,54.5,2.93,42202.54,Aloe Vera
24.33,57.06,3.11,8.11,Money Plant
31.85,66.16,0.95,17420.09,Snake Plant
16.97,59.28,2.31,1794.63,Philodendron
25.77,36.36,4.94,10468.15,Philodendron
23.14,31.16,4.89,217.67,Monstera Deliciosa
31.25,26.61,4.15,4534.87,Philodendron
16.54,35.56,4.53,19998.78,Snake Plant
16.64,69.89,3.08,188.17,Monstera Deliciosa
20.42,68.52,4.87,5.37,Money Plant
25.6,54.03,1.64,42279.35,Aloe Vera
28.59,44.81,1.32,6.43,Money Plant
19.91,69.85,2.26,239.9,Monstera Deliciosa
24.19,31.54,1.89,28316.02,Snake Plant
22.16,54.91,1.37,21.29,Monstera Deliciosa
37.42,38.7,1.52,72.43,Monstera Deliciosa
30.98,29.88,1.1,21793.87,Snake Plant
32.7,61.23,1.65,17326.36,Snake Plant
28.41,53.41,1.71,32426.8,Snake Plant
39.97,64.5,2.32,135.98,Monstera Deliciosa
26.99,48.87,4.61,192.99,Monstera Deliciosa
24.59,79.38,3.43,21683.53,Snake Plant
35.45,27.49,4.42,6275.23,Philodendron
27.43,68.38,0.56,41701.65,Aloe Vera
23.57,33.99,2.48,207.79,Monstera Deliciosa
31.97,52.36,4.83,12208.62,Philodendron
17.73,50.82,2.02,12986.28,Philodendron
16.96,29.72,4.33,337.69,Monstera Deliciosa
28.57,79.14,1.06,5.01,Money Plant
38.66,51.97,1.97,33609.04,Snake Plant
35.92,89.71,0.6,5.49,Money Plant
35.51,43.54,1.58,35846.67,Aloe Vera
24.23,57.88,3.02,40323.33,Aloe Vera
30.32,63.05,2.96,20189.72,Snake Plant
17.12,32.75,1.51,12686.58,Philodendron
32.53,76.29,2.08,202.9,Monstera Deliciosa
19.8,28.98,3.16,37503.28,Aloe Vera
16.17,75.67,1.64,45559.35,Aloe Vera
38.64,51.58,3.48,318.99,Monstera Deliciosa
26.24,37.26,2.79,12253.95,Philodendron
33.39,68.15,1.01,42505.08,Aloe Vera
37.35,84.79,0.75,35566.42,Aloe Vera
24.18,60.25,1.17,35126.31,Aloe Vera
19.21,62.75,3.71,45582.74,Aloe Vera
31.79,50.63,0.51,4.81,Money Plant
31.88,52.13,3.79,1576.48,Philodendron
19.8,79.6,3.76,36764.24,Aloe Vera
39.76,38.61,0.55,39216.83,Aloe Vera
31.7,36.48,3.11,39803.4,Aloe Vera
31.76,37.21,3.31,113.49,Monstera Deliciosa
22.83,36.62,4.56,130.19,Monstera Deliciosa
26.21,45.83,3.85,41571.07,Aloe Vera
36.53,61.78,1.21,25269.18,Snake Plant
31.27,82.83,2.48,46260.28,Aloe Vera
27.22,64.21,1.97,45010.6,Aloe Vera
16.1,46.23,3.3,0.21,Money Plant
26.25,46.62,2.47,90.71,Monstera Deliciosa
32.23,58.45,1.4,299.99,Monstera Deliciosa
16.81,34.58,0.83,46286.39,Aloe Vera
33.83,71.56,3.51,324.72,Monstera Deliciosa
15.96,65.4,4.0,5684.59,Philodendron
21.94,66.78,3.62,40135.67,Aloe Vera
34.24,61.49,4.47,8006.11,Philodendron
29.45,73.71,4.84,0.48,Money Plant
38.44,59.44,3.27,55.89,Monstera Deliciosa
34.2,73.57,1.9,420.54,Monstera Deliciosa
16.81,82.27,1.65,14071.98,Philodendron
31.95,51.94,3.6,145.86,Monstera Deliciosa
39.92,73.8,3.4,34.09,Monstera Deliciosa
15.78,61.02,3.93,12691.54,Philodendron
15.84,48.84,1.57,45.46,Monstera Deliciosa
38.85,39.51,4.65,492.91,Monstera Deliciosa
28.85,85.5,0.52,48545.86,Aloe Vera
18.49,31.25,2.41,43136.26,Aloe Vera
28.19,34.17,0.5,36314.53,Aloe Vera
30.85,84.45,1.44,16574.89,Snake Plant
30.09,35.66,3.81,237.06,Monstera Deliciosa
29.99,36.13,3.84,334.56,Monstera Deliciosa
18.96,69.73,1.08,131.13,Monstera Deliciosa
33.71,42.03,4.47,37947.42,Aloe Vera
30.35,30.7,2.26,44891.69,Aloe Vera
30.62,43.37,2.2,6.47,Money Plant
27.6,71.07,1.62,173.77,Monstera Deliciosa
15.64,47.17,4.11,42773.76,Aloe Vera
26.39,27.0,4.46,8.5,Money Plant
27.23,47.23,4.66,5.23,Money Plant
28.72,39.26,2.43,29542.9,Snake Plant
15.02,85.9,1.24,139.1,Monstera Deliciosa
15.95,33.0,4.94,66.5,Monstera Deliciosa
17.67,71.76,4.35,20.25,Monstera Deliciosa
20.58,28.67,0.97,122.66,Monstera Deliciosa
27.9,41.48,4.73,43502.52,Aloe Vera
23.86,49.77,2.35,41775.13,Aloe Vera
36.42,86.37,2.01,1879.22,Philodendron
20.01,51.88,1.43,37375.14,Aloe Vera
26.39,64.37,3.61,435.86,Monstera Deliciosa
29.21,53.57,0.8,412.16,Monstera Deliciosa
30.36,79.09,2.72,0.12,Money Plant
22.58,70.37,4.06,252.87,Monstera Deliciosa
25.53,51.68,1.54,1.77,Money Plant
16.38,37.88,0.54,21328.19,Snake Plant
39.33,37.59,2.06,14.14,Monstera Deliciosa
35.98,27.08,4.73,43033.29,Aloe Vera
28.59,67.5,2.24,15896.32,Snake Plant
16.35,54.72,2.97,36570.8,Aloe Vera
35.57,38.65,2.27,206.08,Monstera Deliciosa
18.76,57.73,4.11,250.4,Monstera Deliciosa
36.22,70.89,2.71,443.61,Monstera Deliciosa
29.43,39.37,1.71,35663.14,Aloe Vera
39.8,33.47,4.08,251.19,Monstera Deliciosa
37.02,51.84,2.92,0.02,Money Plant
21.12,69.24,1.05,3.7,Money Plant
31.2,71.28,1.3,8.46,Money Plant
21.52,80.47,4.39,37533.34,Aloe Vera
35.55,75.0,3.19,138.63,Monstera Deliciosa
18.05,58.13,3.13,242.93,Monstera Deliciosa
24.09,66.67,4.56,3.43,Money Plant
18.52,65.62,3.78,39183.8,Aloe Vera
38.76,29.11,3.21,8.04,Money Plant
28.25,68.51,4.24,0.35,Money Plant
36.97,45.47,1.08,303.17,Monstera Deliciosa
15.77,42.87,0.65,448.6,Monstera Deliciosa
39.57,66.41,1.23,42744.2,Aloe Vera
18.84,84.91,3.91,45638.0,Aloe Vera
20.01,38.72,3.6,224.95,Monstera Deliciosa
34.55,75.96,2.54,47579.49,Aloe Vera
31.37,39.85,1.73,67.23,Monstera Deliciosa
21.83,38.62,2.55,36568.1,Aloe Vera
33.01,69.67,0.93,43527.51,Aloe Vera
24.09,74.18,1.66,15795.18,Snake Plant
35.99,54.13,3.37,341.77,Monstera Deliciosa
34.31,55.76,3.28,448.1,Monstera Deliciosa
27.45,79.72,4.11,122.74,Monstera Deliciosa
25.15,78.7,1.52,12188.6,Philodendron
23.84,66.74,1.61,7.15,Money Plant
17.47,42.64,4.35,486.79,Monstera Deliciosa
39.49,42.44,0.68,41765.35,Aloe Vera
17.52,70.99,0.64,37080.65,Aloe Vera
18.18,36.42,4.82,31027.63,Snake Plant
24.94,46.86,1.56,280.4,Monstera Deliciosa
30.79,41.71,4.77,8.69,Money Plant
15.37,56.27,2.0,289.63,Monstera Deliciosa
25.89,51.97,3.8,31665.59,Snake Plant
21.25,64.62,3.13,248.17,Monstera Deliciosa
22.84,34.22,1.46,6.15,Money Plant
31.52,86.79,3.78,7.96,Money Plant
36.57,53.82,3.14,42985.03,Aloe Vera
37.63,30.4,1.36,296.53,Monstera Deliciosa
35.41,89.24,2.25,7.21,Money Plant
30.11,37.91,2.73,46556.41,Aloe Vera
27.49,44.84,4.88,23165.34,Snake Plant
22.01,72.52,1.59,4.77,Money Plant
22.25,65.88,1.03,20666.65,Snake Plant
15.01,33.25,4.7,38504.9,Aloe Vera
34.46,64.56,4.87,343.92,Monstera Deliciosa
16.59,50.76,4.84,4674.96,Philodendron
18.01,70.73,3.4,475.96,Monstera Deliciosa
15.56,44.74,4.64,133.6,Monstera Deliciosa
28.36,78.55,0.96,46926.3,Aloe Vera
19.53,71.28,2.23,393.81,Monstera Deliciosa
39.07,33.23,2.39,194.39,Monstera Deliciosa
24.08,28.4,3.58,105.45,Monstera Deliciosa
35.4,77.17,2.69,322.67,Monstera Deliciosa
22.2,40.34,3.79,0.85,Money Plant
15.17,34.94,0.81,39332.86,Aloe Vera
18.73,40.66,4.71,5790.5,Philodendron
36.83,50.67,2.01,195.12,Monstera Deliciosa
22.92,69.02,1.8,1456.37,Philodendron
19.78,51.48,4.72,335.4,Monstera Deliciosa
21.38,33.26,0.76,87.25,Monstera Deliciosa
19.35,74.45,0.57,6002.81,Philodendron
27.66,61.58,1.91,369.37,Monstera Deliciosa
36.78,37.52,0.94,40249.08,Aloe Vera
28.78,48.37,1.07,8115.02,Philodendron
20.07,54.37,4.09,1906.2,Philodendron
28.7,70.68,4.07,18054.01,Snake Plant
32.75,69.03,0.61,173.15,Monstera Deliciosa
31.74,39.05,3.16,46967.24,Aloe Vera
38.04,88.6,0.55,23257.38,Snake Plant
36.5,41.37,4.91,30870.95,Snake Plant
17.14,36.92,3.91,7.35,Money Plant
15.35,67.71,2.14,28920.93,Snake Plant
23.56,32.02,0.81,8049.98,Philodendron
33.56,58.13,2.4,22.96,Monstera Deliciosa
23.39,88.44,4.43,298.02,Monstera Deliciosa
36.18,53.68,0.58,4.59,Money Plant
39.24,70.06,0.82,6.94,Money Plant
36.04,65.15,3.4,7.46,Money Plant
34.71,41.84,3.69,29.76,Monstera Deliciosa
20.03,36.61,2.02,259.18,Monstera Deliciosa
26.92,42.59,0.63,22915.5,Snake Plant
22.47,81.35,3.86,42425.25,Aloe Vera
18.27,70.25,1.43,41.85,Monstera Deliciosa
35.63,33.19,4.56,41969.28,Aloe Vera
33.61,65.26,4.11,395.05,Monstera Deliciosa
26.56,86.16,2.69,394.69,Monstera Deliciosa
35.54,61.04,1.31,484.36,Monstera Deliciosa
33.82,77.73,0.65,326.84,Monstera Deliciosa
35.75,28.2,4.34,3361.86,Philodendron
22.93,43.33,2.89,1.43,Money Plant
35.32,33.62,1.55,263.39,Monstera Deliciosa
34.09,54.08,4.05,17262.88,Snake Plant
18.91,53.41,2.29,43711.48,Aloe Vera
24.7,36.1,1.52,6640.44,Philodendron
27.87,36.09,3.48,38869.83,Aloe Vera
27.29,88.41,2.0,1808.75,Philodendron
30.15,30.83,4.82,46822.61,Aloe Vera
32.6,63.33,2.52,49352.58,Aloe Vera
27.48,85.55,3.12,7090.55,Philodendron
20.23,25.24,1.59,6010.04,Philodendron
26.21,88.74,2.08,75.42,Monstera Deliciosa
16.2,75.4,3.07,37248.79,Aloe Vera
29.3,41.49,1.53,1.17,Money Plant
22.73,32.6,4.94,73.86,Monstera Deliciosa
19.98,63.2,0.79,49422.53,Aloe Vera
21.17,54.26,0.6,23279.11,Snake Plant
21.75,38.44,3.44,98.03,Monstera Deliciosa
32.23,61.73,4.36,7.07,Money Plant
31.84,32.48,3.63,473.04,Monstera Deliciosa
18.54,66.78,2.22,39950.29,Aloe Vera
39.05,83.6,1.72,49934.07,Aloe Vera
21.32,53.39,2.84,17.48,Monstera Deliciosa
20.5,43.33,2.5,7.86,Money Plant
32.62,30.54,3.43,34124.47,Snake Plant
15.08,41.12,4.68,45809.08,Aloe Vera
34.14,30.95,2.81,98.8,Monstera Deliciosa
35.26,33.78,2.61,37788.3,Aloe Vera
39.45,89.63,3.0,2.84,Money Plant
25.61,45.11,1.76,37301.32,Aloe Vera
33.33,25.03,3.18,39319.72,Aloe Vera
19.64,67.36,3.71,21387.02,Snake Plant
21.31,87.13,4.65,424.63,Monstera Deliciosa
26.31,52.59,1.21,273.33,Monstera Deliciosa
15.56,53.87,4.02,27703.5,Snake Plant
37.74,26.17,3.01,43120.49,Aloe Vera
23.1,33.86,4.49,440.28,Monstera Deliciosa
29.65,68.82,4.12,22961.7,Snake Plant
27.84,77.2,2.18,56.89,Monstera Deliciosa
37.86,30.92,3.42,208.75,Monstera Deliciosa
31.99,29.36,3.17,47423.36,Aloe Vera
19.26,83.33,3.45,42279.73,Aloe Vera
28.55,84.74,4.55,144.46,Monstera Deliciosa
24.83,50.2,1.79,431.92,Monstera Deliciosa
16.75,69.04,1.28,40.16,Monstera Deliciosa
21.75,74.95,4.48,237.14,Monstera Deliciosa
26.76,81.78,3.93,10226.16,Philodendron
36.18,25.62,2.31,46104.96,Aloe Vera
28.57,59.43,2.06,10003.4,Philodendron
25.46,71.42,4.38,4.06,Money Plant
25.2,69.69,1.62,32549.91,Snake Plant
25.45,84.22,4.97,2.1,Money Plant
38.76,87.29,0.94,1.45,Money Plant
39.9,36.7,2.76,35307.0,Aloe Vera
30.11,43.01,4.38,346.51,Monstera Deliciosa
31.86,39.4,0.66,151.7,Monstera Deliciosa
35.22,77.02,2.56,27085.59,Snake Plant
35.68,52.63,1.74,272.73,Monstera Deliciosa
26.23,53.61,0.91,38206.84,Aloe Vera
19.92,51.83,1.53,5886.85,Philodendron
26.22,59.92,1.42,7.92,Money Plant
25.84,51.79,0.66,281.54,Monstera Deliciosa
28.97,70.96,1.3,407.26,Monstera Deliciosa
38.68,33.84,2.74,39.44,Monstera Deliciosa
23.14,34.34,3.69,2586.46,Philodendron
15.23,77.53,1.29,21739.1,Snake Plant
29.64,45.52,0.89,102.15,Monstera Deliciosa
25.7,67.79,1.69,4.67,Money Plant
30.14,87.59,3.15,290.97,Monstera Deliciosa
38.2,78.84,1.95,138.69,Monstera Deliciosa
27.61,73.36,2.76,6.51,Money Plant
35.15,43.82,3.49,445.67,Monstera Deliciosa
36.13,59.15,3.61,42436.26,Aloe Vera
22.83,73.99,1.49,434.21,Monstera Deliciosa
33.11,51.25,1.47,149.21,Monstera Deliciosa
19.4,73.32,1.63,199.07,Monstera Deliciosa
39.55,50.42,0.86,5.32,Money Plant
29.98,52.22,2.44,4.65,Money Plant
27.62,34.72,0.97,0.91,Money Plant
30.24,37.77,1.63,8.62,Money Plant
36.37,39.98,1.97,251.02,Monstera Deliciosa
15.49,68.64,2.85,37466.73,Aloe Vera
35.1,76.48,1.07,93.37,Monstera Deliciosa
21.37,42.11,3.0,474.39,Monstera Deliciosa
18.16,88.29,1.54,40085.21,Aloe Vera
18.58,80.76,1.89,26329.31,Snake Plant
26.79,57.23,3.8,6.01,Money Plant
37.4,28.76,1.13,41559.79,Aloe Vera
25.09,33.9,2.78,4.29,Money Plant
34.09,41.79,2.66,45300.07,Aloe Vera
36.03,51.97,3.96,1.11,Money Plant
20.08,51.13,4.31,330.76,Monstera Deliciosa
32.73,63.1,2.11,5463.51,Philodendron
17.1,89.53,1.07,7.91,Money Plant
22.55,67.27,1.98,138.44,Monstera Deliciosa
23.58,51.7,3.74,14181.75,Philodendron
16.05,57.7,3.13,35738.33,Aloe Vera
29.34,80.49,1.59,35286.63,Aloe Vera
33.31,85.65,3.46,31.99,Monstera Deliciosa
38.0,55.57,0.63,24637.26,Snake Plant
18.11,38.93,0.79,9519.81,Philodendron
27.64,78.11,4.37,15256.12,Snake Plant
32.38,52.17,3.05,22005.38,Snake Plant
37.93,33.71,3.52,8.32,Money Plant
17.81,31.17,2.0,115.01,Monstera Deliciosa
29.63,53.79,0.65,407.11,Monstera Deliciosa
32.24,72.12,3.64,58.84,Monstera Deliciosa
21.81,79.07,4.91,14.75,Monstera Deliciosa
18.5,45.94,3.1,8.49,Money Plant
24.13,84.32,4.01,44101.19,Aloe Vera
30.67,66.47,3.33,14803.02,Philodendron
33.31,75.5,4.43,51.06,Monstera Deliciosa
27.07,58.42,4.23,289.72,Monstera Deliciosa
28.18,27.48,3.27,37363.35,Aloe Vera
29.86,63.58,1.24,8.82,Money Plant
24.84,39.78,1.27,27189.3,Snake Plant
31.09,30.72,4.52,163.55,Monstera Deliciosa
26.56,50.35,4.39,39552.49,Aloe Vera
36.6,75.8,4.69,292.71,Monstera Deliciosa
21.86,78.57,0.52,5419.11,Philodendron
23.07,66.92,4.33,32063.61,Snake Plant
21.61,58.77,2.53,5.01,Money Plant
31.54,63.47,3.81,1468.81,Philodendron
17.91,63.77,1.74,3.87,Money Plant
28.86,46.37,3.74,21657.03,Snake Plant
33.87,67.17,3.37,666.14,Philodendron
32.41,49.44,4.74,43815.83,Aloe Vera
21.3,38.24,2.03,155.07,Monstera Deliciosa
27.87,35.75,4.9,8.39,Money Plant
37.84,59.15,3.76,318.72,Monstera Deliciosa
23.51,44.58,3.1,293.97,Monstera Deliciosa
22.17,48.85,0.88,2.28,Money Plant
16.86,31.75,4.16,5.93,Money Plant
21.81,81.65,2.68,263.64,Monstera Deliciosa
24.55,61.68,1.02,41383.91,Aloe Vera
23.71,71.16,2.14,41814.61,Aloe Vera
32.99,31.98,4.31,38176.54,Aloe Vera
18.63,45.56,4.89,233.5,Monstera Deliciosa
15.75,50.82,3.07,42751.52,Aloe Vera
35.48,60.56,0.68,292.02,Monstera Deliciosa
38.76,80.84,1.53,108.57,Monstera Deliciosa
38.06,80.42,3.99,257.15,Monstera Deliciosa
26.61,41.47,2.77,1.19,Money Plant
37.16,73.86,2.4,5865.61,Philodendron
33.52,75.97,3.93,38068.36,Aloe Vera
23.45,55.54,1.99,39940.97,Aloe Vera
18.46,50.94,4.91,309.96,Monstera Deliciosa
25.82,29.62,2.7,42698.79,Aloe Vera
36.8,43.78,0.89,40673.57,Aloe Vera
29.41,76.48,1.96,37032.15,Aloe Vera
22.28,34.41,4.15,361.53,Monstera Deliciosa
38.58,59.31,2.93,169.69,Monstera Deliciosa
26.89,64.18,4.94,47932.43,Aloe Vera
37.23,55.41,3.46,40894.87,Aloe Vera
39.04,52.03,3.2,49258.93,Aloe Vera
21.12,73.5,2.84,390.54,Monstera Deliciosa
28.81,67.96,1.95,312.5,Monstera Deliciosa
25.12,37.89,4.83,11142.11,Philodendron
25.28,48.08,2.33,276.65,Monstera Deliciosa
28.59,57.31,1.11,92.86,Monstera Deliciosa
18.15,85.62,3.22,23036.47,Snake Plant
37.72,66.47,3.96,480.41,Monstera Deliciosa
35.51,80.51,1.27,149.96,Monstera Deliciosa
21.77,80.6,0.64,2.47,Money Plant
20.0,40.07,4.09,584.67,Philodendron
25.73,51.51,1.01,29042.24,Snake Plant
33.02,72.35,0.5,47213.32,Aloe Vera
37.6,26.02,4.7,47558.45,Aloe Vera
17.33,73.02,4.82,26411.66,Snake Plant
38.64,53.79,3.2,467.09,Monstera Deliciosa
16.9,57.57,3.59,43745.7,Aloe Vera
37.72,86.23,0.79,21.49,Monstera Deliciosa
23.24,59.9,4.6,36913.37,Aloe Vera
17.33,63.3,2.89,450.73,Monstera Deliciosa
38.18,51.17,4.51,371.04,Monstera Deliciosa
26.9,32.97,4.68,369.9,Monstera Deliciosa
24.18,26.23,0.95,348.08,Monstera Deliciosa
23.37,70.21,3.64,42388.34,Aloe Vera
37.87,56.8,2.53,2.77,Money Plant
16.06,66.18,1.62,387.7,Monstera Deliciosa
23.18,40.74,1.26,36946.46,Aloe Vera
26.34,57.95,3.59,31214.6,Snake Plant
16.12,44.27,1.76,2.6,Money Plant
22.74,58.92,3.49,362.54,Monstera Deliciosa
23.4,43.87,2.94,0.72,Money Plant
25.45,86.29,3.75,7.62,Money Plant
33.31,64.71,4.19,118.54,Monstera Deliciosa
27.8,60.67,2.92,14256.27,Philodendron
37.56,81.92,4.11,36478.32,Aloe Vera
21.63,57.18,4.31,11346.76,Philodendron
18.47,41.41,3.79,3.16,Money Plant
21.62,47.74,3.69,282.08,Monstera Deliciosa
17.5,77.33,2.16,29508.07,Snake Plant
20.24,82.5,3.27,99.34,Monstera Deliciosa
38.56,74.08,1.44,406.74,Monstera Deliciosa
32.39,74.78,2.49,40798.02,Aloe Vera
20.28,66.12,4.89,235.88,Monstera Deliciosa
31.85,60.2,4.3,35875.4,Aloe Vera
39.96,73.91,4.39,32125.85,Snake Plant
17.81,47.6,4.44,48.34,Monstera Deliciosa
34.7,79.31,1.23,45301.83,Aloe Vera
28.0,78.97,2.39,2.56,Money Plant
27.63,59.54,4.13,43720.92,Aloe Vera
34.52,37.47,0.73,36134.24,Aloe Vera
21.17,70.2,2.34,39470.4,Aloe Vera
15.3,44.54,3.1,272.09,Monstera Deliciosa
36.91,84.31,1.7,279.08,Monstera Deliciosa
38.73,89.91,1.56,40671.09,Aloe Vera
15.2,25.6,2.57,21.06,Monstera Deliciosa
32.17,44.11,3.02,91.9,Monstera Deliciosa
25.18,40.1,2.91,4.58,Money Plant
18.93,68.61,3.89,4.21,Money Plant
16.77,63.88,1.69,8003.67,Philodendron
38.11,60.69,3.12,475.05,Monstera Deliciosa
34.43,43.55,4.3,416.05,Monstera Deliciosa
35.57,37.28,3.66,155.77,Monstera Deliciosa
22.41,72.16,1.53,6.44,Money Plant
19.28,31.79,1.57,243.19,Monstera Deliciosa
16.11,88.09,3.72,166.16,Monstera Deliciosa
26.21,65.71,1.16,7.73,Money Plant
21.41,49.71,4.42,21834.9,Snake Plant
32.09,26.28,3.81,408.46,Monstera Deliciosa
38.87,85.18,4.59,5722.7,Philodendron
26.63,69.84,4.48,459.91,Monstera Deliciosa
35.38,88.63,4.46,61.92,Monstera Deliciosa
17.81,43.93,3.26,48488.86,Aloe Vera
30.59,25.37,1.34,3.27,Money Plant
27.53,27.82,2.07,5.82,Money Plant
26.61,57.2,2.42,38221.81,Aloe Vera
27.92,72.84,3.01,40670.15,Aloe Vera
26.59,30.75,3.24,88.55,Monstera Deliciosa
28.61,59.6,0.84,27475.82,Snake Plant
19.73,55.51,3.74,6235.2,Philodendron
23.06,64.68,4.73,16495.84,Snake Plant
26.52,82.9,0.93,49236.09,Aloe Vera
16.96,85.67,2.13,41276.33,Aloe Vera
26.02,66.23,3.99,5.34,Money Plant
19.67,47.49,2.07,173.73,Monstera Deliciosa
17.68,34.47,0.65,477.68,Monstera Deliciosa
17.89,86.51,3.8,27905.91,Snake Plant
35.67,31.95,2.77,26736.82,Snake Plant
35.82,29.7,3.61,5998.45,Philodendron
23.51,65.35,4.51,414.11,Monstera Deliciosa
25.05,31.66,0.78,3.42,Money Plant
23.43,71.67,3.84,1.99,Money Plant
21.86,60.59,1.15,8.49,Money Plant
35.11,36.74,2.33,397.59,Monstera Deliciosa
27.76,33.31,3.83,138.83,Monstera Deliciosa
24.39,57.35,2.04,205.27,Monstera Deliciosa
15.48,75.21,1.27,5.88,Money Plant
34.35,77.9,2.72,371.24,Monstera Deliciosa
32.49,41.01,4.57,8.84,Money Plant
36.51,69.71,4.72,37857.66,Aloe Vera
26.05,29.65,2.25,40797.26,Aloe Vera
23.26,63.7,4.42,3.47,Money Plant
18.96,70.2,0.98,20724.33,Snake Plant
19.97,85.86,0.58,20.6,Monstera Deliciosa
27.09,57.57,1.95,3.39,Money Plant
31.81,75.86,2.89,3409.74,Philodendron
22.18,35.52,1.62,264.53,Monstera Deliciosa
29.07,86.42,1.38,31345.37,Snake Plant
29.01,41.58,1.68,2.75,Money Plant
33.62,28.09,1.49,46739.99,Aloe Vera
26.38,70.37,2.25,3.58,Money Plant
29.5,86.62,0.81,5270.01,Philodendron
27.71,26.56,1.91,43309.57,Aloe Vera
26.26,43.56,1.84,419.43,Monstera Deliciosa
39.18,53.51,2.27,41404.15,Aloe Vera
28.8,40.01,3.85,12231.19,Philodendron
34.52,38.98,3.72,40192.26,Aloe Vera
19.32,25.17,2.53,281.91,Monstera Deliciosa
19.7,80.88,1.66,245.55,Monstera Deliciosa
27.47,38.98,1.72,6.47,Money Plant
34.25,55.05,3.71,37074.99,Aloe Vera
39.15,78.37,1.42,1.13,Money Plant
18.46,73.63,2.61,46194.08,Aloe Vera
30.12,69.61,0.58,322.53,Monstera Deliciosa
15.23,27.14,4.33,20308.13,Snake Plant
32.2,76.51,1.88,8.4,Money Plant
23.63,31.92,2.71,38325.49,Aloe Vera
21.74,40.78,4.96,5.18,Money Plant
38.13,34.55,4.87,48268.7,Aloe Vera
20.36,66.21,3.92,37707.18,Aloe Vera
34.15,47.02,1.29,398.98,Monstera Deliciosa
26.62,59.94,4.98,311.55,Monstera Deliciosa
24.13,50.53,3.63,43135.84,Aloe Vera
34.21,30.8,1.45,791.15,Philodendron
21.32,58.63,0.57,261.88,Monstera Deliciosa
29.33,85.17,3.4,465.87,Monstera Deliciosa
34.62,38.0,1.09,26198.1,Snake Plant
34.74,73.02,3.31,43004.31,Aloe Vera
17.83,78.84,1.63,49356.65,Aloe Vera
32.42,63.74,2.57,182.97,Monstera Deliciosa
30.91,73.83,3.55,4.45,Money Plant
34.79,55.92,2.91,44919.32,Aloe Vera
25.23,83.2,1.23,36783.67,Aloe Vera
15.37,82.85,1.6,47165.42,Aloe Vera
36.47,89.45,1.82,36731.88,Aloe Vera
25.17,80.12,2.15,7805.21,Philodendron
31.15,88.24,0.75,13014.05,Philodendron
27.03,30.1,3.02,85.92,Monstera Deliciosa
36.23,58.9,4.7,45394.88,Aloe Vera
15.13,52.81,1.39,37619.59,Aloe Vera
22.15,58.59,1.69,303.56,Monstera Deliciosa
17.22,28.78,2.18,43322.55,Aloe Vera
25.57,61.77,2.14,35824.52,Aloe Vera
31.83,82.93,4.12,2.66,Money Plant
32.93,30.48,4.15,45944.37,Aloe Vera
17.51,71.65,3.56,35624.9,Aloe Vera
15.58,49.25,1.17,13801.64,Philodendron
24.79,79.92,0.5,0.27,Money Plant
23.2,84.03,0.94,24030.47,Snake Plant
38.46,32.96,1.45,3.91,Money Plant
21.95,81.54,3.22,25638.68,Snake Plant
17.3,53.93,5.0,48401.99,Aloe Vera
35.58,31.7,1.52,2.73,Money Plant
17.72,55.73,3.55,46238.51,Aloe Vera
38.46,28.5,0.55,20787.76,Snake Plant
21.34,46.51,1.71,6882.71,Philodendron
27.81,68.73,2.24,91.44,Monstera Deliciosa
23.74,73.22,3.91,19681.33,Snake Plant
29.7,62.09,2.68,7631.47,Philodendron
29.14,71.51,0.99,37039.16,Aloe Vera
16.67,88.45,4.81,3.99,Money Plant
19.66,56.55,4.24,44514.16,Aloe Vera
23.85,64.22,1.9,48056.14,Aloe Vera
28.96,46.11,1.82,7.34,Money Plant
26.26,46.13,2.62,36870.09,Aloe Vera
36.44,83.34,4.76,116.4,Monstera Deliciosa
